Collection,Name,Member Attribute,Sub-member Attribute,Syntax,Reference
Document Description,document-metadata,,,1setOf octetString(MAX),[PWG5100.13]
Document Description,document-name,,,name(MAX),[PWG5100.5]
Document Description,impressions,,,integer(0:MAX),[PWG5100.5]
Document Description,impressions-col,,,collection,[APRIL2015F2F]
Document Description,impressions-col,blank,,integer(0:MAX),[APRIL2015F2F]
Document Description,impressions-col,blank-two-sided,,integer(0:MAX),[APRIL2015F2F]
Document Description,impressions-col,full-color,,integer(0:MAX),[APRIL2015F2F]
Document Description,impressions-col,full-color-two-sided,,integer(0:MAX),[APRIL2015F2F]
Document Description,impressions-col,highlight-color,,integer(0:MAX),[APRIL2015F2F]
Document Description,impressions-col,highlight-color-two-sided,,integer(0:MAX),[APRIL2015F2F]
Document Description,impressions-col,monochrome,,integer(0:MAX),[APRIL2015F2F]
Document Description,impressions-col,monochrome-two-sided,,integer(0:MAX),[APRIL2015F2F]
Document Description,k-octets,,,integer(0:MAX),[PWG5100.5]
Document Description,media-sheets,,,integer(0:MAX),[PWG5100.5]
Document Description,media-sheets-col,,,collection,[APRIL2015F2F]
Document Description,media-sheets-col,blank,,integer(0:MAX),[APRIL2015F2F]
Document Description,media-sheets-col,full-color,,integer(0:MAX),[APRIL2015F2F]
Document Description,media-sheets-col,highlight-color,,integer(0:MAX),[APRIL2015F2F]
Document Description,media-sheets-col,monochrome,,integer(0:MAX),[APRIL2015F2F]
Document Description,pages,,,integer(0:MAX),[PWG5100.13]
Document Description,pages-col,,,collection,[APRIL2015F2F]
Document Description,pages-col,full-color,,integer(0:MAX),[APRIL2015F2F]
Document Description,pages-col,monochrome,,integer(0:MAX),[APRIL2015F2F]
Document Status,attributes-charset,,,charset,[PWG5100.5]
Document Status,attributes-natural-language,,,naturalLanguage,[PWG5100.5]
Document Status,chamber-humidity-actual,,,1setOf integer(0:100),[PWG5100.21]
Document Status,chamber-temperature-actual,,,1setOf integer(-273:MAX),[PWG5100.21]
Document Status,compression(obsolete),,,type2 keyword,[PWG5100.5]
Document Status,copies-actual,,,1setOf integer(1:MAX),[PWG5100.5]
Document Status,cover-back-actual,,,1setOf collection,[PWG5100.5]
Document Status,cover-back-actual,"<Member attributes are the same as the ""cover-back"" Job Template attribute>",,,[PWG5100.5]
Document Status,cover-front-actual,,,1setOf collection,[PWG5100.5]
Document Status,cover-front-actual,"<Member attributes are the same as the ""cover-front"" Job Template attribute>",,,[PWG5100.5]
Document Status,date-time-at-completed,,,dateTime | no-value,[PWG5100.5]
Document Status,date-time-at-completed(extension),,,dateTime,[PWG5100.5]
Document Status,date-time-at-created,,,dateTime,[PWG5100.5]
Document Status,date-time-at-creation,,,dateTime,[PWG5100.5]
Document Status,date-time-at-processing,,,dateTime | no-value,[PWG5100.5]
Document Status,date-time-at-processing(extension),,,dateTime,[PWG5100.5]
Document Status,detailed-status-messages,,,1setOf text(MAX),[PWG5100.5]
Document Status,document-access-errors,,,1setOf text(MAX),[PWG5100.5]
Document Status,document-charset,,,charset,[PWG5100.5]
Document Status,document-digital-signature(obsolete),,,type2 keyword,[PWG5100.5]
Document Status,document-format,,,mimeMediaType,[PWG5100.5]
Document Status,document-format-detected,,,mimeMediaType,[PWG5100.5]
Document Status,document-format-ready,,,1setOf mimeMediaType,[PWG5100.18]
Document Status,document-format-supplied,,,mimeMediaType,[PWG5100.7]
Document Status,document-format-version(obsolete),,,text(127),[PWG5100.5]
Document Status,document-format-version-detected(obsolete),,,text(127),[PWG5100.5]
Document Status,document-job-id,,,integer(1:MAX),[PWG5100.5]
Document Status,document-job-uri,,,uri,[PWG5100.5]
Document Status,document-message,,,text(MAX),[PWG5100.5]
Document Status,document-message-supplied,,,text(MAX),[PWG5100.7]
Document Status,document-name-supplied,,,name(MAX),[PWG5100.7]
Document Status,document-natural-language,,,naturalLanguage,[PWG5100.5]
Document Status,document-number,,,integer(1:MAX),[PWG5100.5]
Document Status,document-printer-uri,,,uri,[PWG5100.5]
Document Status,document-state,,,type1 enum,[PWG5100.5]
Document Status,document-state-message,,,text(MAX),[PWG5100.5]
Document Status,document-state-reasons,,,1setOf type2 keyword,[PWG5100.5]
Document Status,document-uri,,,uri,[PWG5100.5]
Document Status,document-uuid,,,uri(45),[PWG5100.13]
Document Status,errors-count,,,integer(0:MAX),[PWG5100.5]
Document Status,finishings-actual,,,1setOf type2 enum,[PWG5100.5]
Document Status,finishings-col-actual,,,1setOf collection,[PWG5100.5]
Document Status,finishings-col-actual,"<Member attributes are the same as the ""finishings-col"" Job Template attribute>",,,[PWG5100.5]
Document Status,force-front-side-actual,,,1setOf integer(1:MAX),[PWG5100.5]
Document Status,imposition-template-actual,,,1setOf type2 keyword | name,[PWG5100.5]
Document Status,impressions,,,integer(0:MAX),[PWG5100.5]
Document Status,impressions-completed,,,integer(0:MAX),[PWG5100.5]
Document Status,impressions-completed-col,,,collection,[APRIL2015F2F]
Document Status,impressions-completed-col,"<Member attributes are the same as the ""impressions-col"" Document Template attribute>",,,[APRIL2015F2F]
Document Status,impressions-completed-current-copy(obsolete),,,integer(0:MAX),[PWG5100.5]
Document Status,input-attributes-actual,,,collection,[PWG5100.15]
Document Status,insert-sheet-actual,,,1setOf collection,[PWG5100.5]
Document Status,insert-sheet-actual,"<Member attributes are the same as the ""insert-sheet"" Job Template attribute>",,,[PWG5100.5]
Document Status,k-octets,,,integer(0:MAX),[PWG5100.5]
Document Status,k-octets-processed,,,integer(0:MAX),[PWG5100.5]
Document Status,last-document,,,boolean,[PWG5100.5]
Document Status,materials-col-actual,,,1setOf collection,[PWG5100.21]
Document Status,media-actual,,,1setOf type2 keyword | name,[PWG5100.5]
Document Status,media-col-actual,,,1setOf collection,[PWG5100.5]
Document Status,media-col-actual,"<Member attributes are the same as the ""media-col"" Job Template attribute>",,,[PWG5100.5]
Document Status,media-sheets,,,integer(0:MAX),[PWG5100.5]
Document Status,media-sheets-completed,,,integer(0:MAX),[PWG5100.5]
Document Status,media-sheets-completed-col,,,collection,[APRIL2015F2F]
Document Status,media-sheets-completed-col,"<Member attributes are the same as the ""media-sheets-col"" Document Template attribute>",,,[APRIL2015F2F]
Document Status,more-info,,,uri,[PWG5100.5]
Document Status,multiple-object-handling-actual,,,type2 keyword,[PWG5100.21]
Document Status,number-up-actual,,,1setOf integer,[PWG5100.5]
Document Status,orientation-requested-actual,,,1setOf type2 enum,[PWG5100.5]
Document Status,output-attributes-actual,,,collection,[PWG5100.17]
Document Status,output-bin-actual,,,1setOf name(MAX),[PWG5100.5]
Document Status,output-device-assigned,,,name(127),[PWG5100.5]
Document Status,output-device-assigned(extension),,,name(MAX),[PWG5100.5]
Document Status,output-device-document-state,,,type2 enum,[PWG5100.18]
Document Status,output-device-document-state-message,,,text(MAX),[PWG5100.18]
Document Status,output-device-document-state-reasons,,,1setOf type2 keyword,[PWG5100.18]
Document Status,page-delivery-actual,,,1setOf type2 keyword,[PWG5100.5]
Document Status,page-order-received-actual,,,1setOf type2 keyword,[PWG5100.5]
Document Status,page-ranges-actual,,,1setOf rangeOfInteger(1:MAX),[PWG5100.5]
Document Status,pages-completed,,,integer(0:MAX),[PWG5100.13]
Document Status,pages-completed-col,,,collection,[APRIL2015F2F]
Document Status,pages-completed-col,"<Member attributes are the same as the ""pages-col"" Document Template attribute>",,,[APRIL2015F2F]
Document Status,pages-completed-current-copy,,,integer(0:MAX),[PWG5100.13]
Document Status,platform-temperature-actual,,,1setOf integer(-273:MAX),[PWG5100.21]
Document Status,presentation-direction-number-up-actual,,,1setOf type2 keyword,[PWG5100.5]
Document Status,print-accuracy-actual,,,collection,[PWG5100.21]
Document Status,print-base-actual,,,1setOf type2 keyword,[PWG5100.21]
Document Status,print-color-mode-actual,,,1setOf type2 keyword,[PWG5100.13]
Document Status,print-content-optimize-actual,,,1setOf type2 keyword,[PWG5100.7]
Document Status,print-objects-actual,,,1setOf collection,[PWG5100.21]
Document Status,print-quality-actual,,,1setOf type2 enum,[PWG5100.5]
Document Status,print-rendering-intent-actual,,,1setOf type2 keyword,[PWG5100.7]
Document Status,print-supports-actual,,,1setOf type2 keyword,[PWG5100.21]
Document Status,printer-resolution-actual,,,1setOf resolution,[PWG5100.5]
Document Status,printer-up-time,,,integer(1:MAX),[PWG5100.5]
Document Status,separator-sheets-actual,,,1setOf collection,[PWG5100.5]
Document Status,separator-sheets-actual,"<Member attributes are the same as the ""separator-sheets"" Job Template attribute>",,,[PWG5100.5]
Document Status,sheet-completed-copy-number,,,integer(0:MAX),[PWG5100.5]
Document Status,sheet-completed-copy-number(obsolete),,,integer(0:MAX),[PWG5100.5]
Document Status,sides-actual,,,1setOf type2 keyword,[PWG5100.5]
Document Status,time-at-completed,,,integer(MIN:MAX) | no-value,[PWG5100.5]
Document Status,time-at-completed(extension),,,integer(MIN:MAX),[PWG5100.5]
Document Status,time-at-creation,,,integer(MIN:MAX),[PWG5100.5]
Document Status,time-at-processing,,,integer(MIN:MAX) | no-value,[PWG5100.5]
Document Status,time-at-processing(extension),,,integer(MIN:MAX),[PWG5100.5]
Document Status,warnings-count,,,integer(0:MAX),[PWG5100.5]
Document Status,x-image-position-actual,,,1setOf type2 keyword,[PWG5100.5]
Document Status,x-image-shift-actual,,,1setOf integer(MIN:MAX),[PWG5100.5]
Document Status,x-side1-image-shift-actual,,,1setOf integer(MIN:MAX),[PWG5100.5]
Document Status,x-side2-image-shift-actual,,,1setOf integer(MIN:MAX),[PWG5100.5]
Document Status,y-image-position-actual,,,1setOf type2 keyword,[PWG5100.5]
Document Status,y-image-shift-actual,,,1setOf integer(MIN:MAX),[PWG5100.5]
Document Status,y-side1-image-shift-actual,,,1setOf integer(MIN:MAX),[PWG5100.5]
Document Status,y-side2-image-shift-actual,,,1setOf integer(MIN:MAX),[PWG5100.5]
Document Template,chamber-humidity,,,integer(0:100),[PWG5100.21]
Document Template,chamber-temperature,,,integer(-273:MAX),[PWG5100.21]
Document Template,copies,,,integer(1:MAX),[PWG5100.5]
Document Template,cover-back,,,collection,[PWG5100.5]
Document Template,cover-back,"<Member attributes are the same as the ""cover-back"" Job Template attribute>",,,[PWG5100.5]
Document Template,cover-front,,,collection,[PWG5100.5]
Document Template,cover-front,"<Member attributes are the same as the ""cover-front"" Job Template attribute>",,,[PWG5100.5]
Document Template,feed-orientation,,,type2 keyword,[PWG5100.5]
Document Template,finishings,,,1setOf type2 enum,[PWG5100.5]
Document Template,finishings-col,,,collection,[PWG5100.5]
Document Template,finishings-col,"<Member attributes are the same as the ""finishings-col"" Job Template attribute>",,,[PWG5100.5]
Document Template,finishings-col(extension),,,1setOf collection,[PWG5100.5]
Document Template,font-name-requested,,,name(MAX),[PWG5100.5]
Document Template,font-size-requested,,,integer(1:MAX),[PWG5100.5]
Document Template,force-front-side,,,1setOf integer(1:MAX),[PWG5100.5]
Document Template,imposition-template,,,type2 keyword | name(MAX),[PWG5100.5]
Document Template,insert-sheet,,,1setOf collection,[PWG5100.5]
Document Template,insert-sheet,"<Member attributes are the same as the ""insert-sheet"" Job Template attribute>",,,[PWG5100.5]
Document Template,materials-col,,,1setOf collection,[PWG5100.21]
Document Template,materials-col,material-amount,,integer(0:MAX),[PWG5100.21]
Document Template,materials-col,material-amount-units,,type2 keyword,[PWG5100.21]
Document Template,materials-col,material-color,,type2 keyword,[PWG5100.21]
Document Template,materials-col,material-diameter,,integer(0:MAX),[PWG5100.21]
Document Template,materials-col,material-diameter-tolerance,,integer(0:MAX),[PWG5100.21]
Document Template,materials-col,material-fill-density,,integer(0:100),[PWG5100.21]
Document Template,materials-col,material-key,,keyword,[PWG5100.21]
Document Template,materials-col,material-name,,name(MAX),[PWG5100.21]
Document Template,materials-col,material-nozzle-diameter,,integer(0:MAX),[PWG5100.21]
Document Template,materials-col,material-purpose,,1setOf type2 keyword,[PWG5100.21]
Document Template,materials-col,material-rate,,integer(1:MAX),[PWG5100.21]
Document Template,materials-col,material-rate-units,,type2 keyword,[PWG5100.21]
Document Template,materials-col,material-retraction,,boolean,[PWG5100.21]
Document Template,materials-col,material-shell-thickness,,integer(0:MAX),[PWG5100.21]
Document Template,materials-col,material-temperature,,integer(-273:MAX) | rangeOfInteger(-273:MAX),[PWG5100.21]
Document Template,materials-col,material-type,,type2 keyword | name(MAX),[PWG5100.21]
Document Template,media,,,type2 keyword | name(MAX),[PWG5100.5]
Document Template,media-col,,,collection,[PWG5100.5]
Document Template,media-col,"<Member attributes are the same as the ""media-col"" Job Template attribute>",,,[PWG5100.5]
Document Template,multiple-object-handling,,,type2 keyword,[PWG5100.21]
Document Template,number-up,,,integer(1:MAX),[PWG5100.5]
Document Template,orientation-requested,,,type2 enum,[PWG5100.5]
Document Template,output-bin,,,type2 keyword | name(MAX),[PWG5100.5]
Document Template,page-delivery,,,type2 keyword,[PWG5100.5]
Document Template,page-order-received,,,type2 keyword,[PWG5100.5]
Document Template,page-order-received(obsolete),,,type2 keyword,[IPP20190509B]
Document Template,page-ranges,,,1setOf rangeOfInteger(1:MAX),[PWG5100.5]
Document Template,pdl-init-file,,,1setOf collection,[PWG5100.5]
Document Template,pdl-init-file,"<Member attributes are the same as the ""pdl-init-file"" Job Template attribute>",,,[PWG5100.5]
Document Template,platform-temperature,,,integer(-273:MAX),[PWG5100.21]
Document Template,presentation-direction-number-up,,,type2 keyword,[PWG5100.5]
Document Template,print-accuracy,,,collection,[PWG5100.21]
Document Template,print-accuracy,accuracy-units,,type2 keyword,[PWG5100.21]
Document Template,print-accuracy,x-accuracy,,integer(0:MAX),[PWG5100.21]
Document Template,print-accuracy,y-accuracy,,integer(0:MAX),[PWG5100.21]
Document Template,print-accuracy,z-accuracy,,integer(0:MAX),[PWG5100.21]
Document Template,print-base,,,type2 keyword,[PWG5100.21]
Document Template,print-color-mode,,,type2 keyword,[PWG5100.13]
Document Template,print-content-optimize,,,type2 keyword,[PWG5100.7]
Document Template,print-objects,,,1setOf collection,[PWG5100.21]
Document Template,print-objects,document-number,,integer(1:MAX),[PWG5100.21]
Document Template,print-objects,object-offset,,collection,[PWG5100.21]
Document Template,print-objects,object-offset,x-offset,integer(0:MAX),[PWG5100.21]
Document Template,print-objects,object-offset,y-offset,integer(0:MAX),[PWG5100.21]
Document Template,print-objects,object-offset,z-offset,integer(0:MAX),[PWG5100.21]
Document Template,print-objects,object-size,,collection,[PWG5100.21]
Document Template,print-objects,object-size,x-dimension,integer(1:MAX),[PWG5100.21]
Document Template,print-objects,object-size,y-dimension,integer(1:MAX),[PWG5100.21]
Document Template,print-objects,object-size,z-dimension,integer(1:MAX),[PWG5100.21]
Document Template,print-objects,object-uuid,,uri,[PWG5100.21]
Document Template,print-quality,,,type2 enum,[PWG5100.5]
Document Template,print-rendering-intent,,,type2 keyword,[PWG5100.13]
Document Template,print-supports,,,type2 keyword,[PWG5100.21]
Document Template,printer-resolution,,,resolution,[PWG5100.5]
Document Template,separator-sheets,,,collection,[PWG5100.5]
Document Template,separator-sheets,"<Member attributes are the same as the ""separator-sheets"" Job Template attribute>",,,[PWG5100.5]
Document Template,sheet-collate,,,type2 keyword,[PWG5100.5]
Document Template,sides,,,type2 keyword,[PWG5100.5]
Document Template,x-image-position,,,type2 keyword,[PWG5100.5]
Document Template,x-image-shift,,,integer(MIN:MAX),[PWG5100.5]
Document Template,x-side1-image-shift,,,integer(MIN:MAX),[PWG5100.5]
Document Template,x-side2-image-shift,,,integer(MIN:MAX),[PWG5100.5]
Document Template,y-image-position,,,type2 keyword,[PWG5100.5]
Document Template,y-image-shift,,,integer(MIN:MAX),[PWG5100.5]
Document Template,y-side1-image-shift,,,integer(MIN:MAX),[PWG5100.5]
Document Template,y-side2-image-shift,,,integer(MIN:MAX),[PWG5100.5]
Event Notifications,job-id,,,integer(1:MAX),[RFC3996]
Event Notifications,job-impressions-completed,,,integer(0:MAX),[RFC3996]
Event Notifications,job-state,,,type1 enum,[RFC3996]
Event Notifications,job-state-reasons,,,1setOf type2 keyword,[RFC3996]
Event Notifications,job-uuid,,,uri,[PWG5100.13]
Event Notifications,notify-charset,,,charset,[RFC3996]
Event Notifications,notify-natural-language,,,naturalLanguage,[RFC3996]
Event Notifications,notify-printer-uri,,,uri,[RFC3996]
Event Notifications,notify-sequence-number,,,integer(0:MAX),[RFC3996]
Event Notifications,notify-subscribed-event,,,type2 keyword,[RFC3995]
Event Notifications,notify-subscription-id,,,integer(1:MAX),[RFC3996]
Event Notifications,notify-subscription-uuid,,,uri,[PWG5100.13]
Event Notifications,notify-text,,,text(MAX),[RFC3995]
Event Notifications,notify-user-data,,,octetString(63),[RFC3996]
Event Notifications,printer-current-time,,,dateTime,[RFC3996]
Event Notifications,printer-is-accepting-jobs,,,boolean,[RFC3996]
Event Notifications,printer-state,,,type1 enum,[RFC3996]
Event Notifications,printer-state-reasons,,,1setOf type2 keyword,[RFC3996]
Event Notifications,printer-up-time,,,integer(1:MAX),[RFC3996]
Job Description,current-page-order,,,type2 keyword,[PWG5100.3]
Job Description,current-page-order(obsolete),,,type2 keyword,[IPP20190509B]
Job Description,document-metadata,,,1setOf octetString(MAX),[PWG5100.13]
Job Description,job-charge-info,,,text,[PWG5100.16]
Job Description,job-collation-type(obsolete),,,type2 enum,[RFC3381]
Job Description,job-mandatory-attributes,,,1setOf keyword,[PWG5100.7]
Job Description,job-message-from-operator,,,text(127),[RFC8011]
Job Description,job-message-to-operator-actual,,,1setOf text(MAX),[PWG5100.8]
Job Description,job-name,,,name(MAX),[RFC8011]
Job Description,job-save-printer-make-and-model,,,text(127),[PWG5100.11]
Job Status,attributes-charset,,,charset,[RFC8011]
Job Status,attributes-natural-language,,,naturalLanguage,[RFC8011]
Job Status,chamber-humidity-actual,,,1setOf integer(0:100),[PWG5100.21]
Job Status,chamber-temperature-actual,,,1setOf integer(-273:MAX),[PWG5100.21]
Job Status,compression-supplied,,,type2 keyword,[PWG5100.7]
Job Status,copies-actual,,,1setOf integer(1:MAX),[PWG5100.8]
Job Status,cover-back-actual,,,1setOf collection,[PWG5100.8]
Job Status,cover-back-actual,"<Member attributes are the same as the ""cover-back"" Job Template attribute>",,,[PWG5100.8]
Job Status,cover-front-actual,,,1setOf collection,[PWG5100.8]
Job Status,cover-front-actual,"<Member attributes are the same as the ""cover-front"" Job Template attribute>",,,[PWG5100.8]
Job Status,date-time-at-completed,,,dateTime | no-value,[RFC8011]
Job Status,date-time-at-creation,,,dateTime,[RFC8011]
Job Status,date-time-at-processing,,,dateTime | no-value,[RFC8011]
Job Status,destination-statuses,,,1setOf collection,[PWG5100.15]
Job Status,destination-statuses,destination-uri,,uri,[PWG5100.15]
Job Status,destination-statuses,images-completed,,integer(0:MAX),[PWG5100.15]
Job Status,destination-statuses,transmission-status,,type2 enum,[PWG5100.15]
Job Status,document-charset-supplied,,,charset,[PWG5100.7]
Job Status,document-digital-signature-supplied,,,type2 keyword,[PWG5100.7]
Job Status,document-format-details-supplied,,,1setOf collection,[PWG5100.7]
Job Status,document-format-details-supplied,"<Member attributes are the same as the ""document-format-details"" Operation attribute>",,,[PWG5100.7]
Job Status,document-format-ready,,,1setOf mimeMediaType,[PWG5100.18]
Job Status,document-format-supplied,,,mimeMediaType,[PWG5100.7]
Job Status,document-format-version-supplied,,,text(127),[PWG5100.7]
Job Status,document-message-supplied,,,text(MAX),[PWG5100.7]
Job Status,document-name-supplied,,,name(MAX),[PWG5100.7]
Job Status,document-natural-language-supplied,,,naturalLanguage,[PWG5100.7]
Job Status,errors-count,,,integer(0:MAX),[PWG5100.7]
Job Status,finishings-actual,,,1setOf type2 enum,[PWG5100.8]
Job Status,finishings-col-actual,,,1setOf collection,[PWG5100.8]
Job Status,finishings-col-actual,"<Member attributes are the same as the ""finishings-col"" Job Template attribute>",,,[PWG5100.8]
Job Status,force-front-side-actual,,,1setOf (1setOf integer(1:MAX)),[PWG5100.8]
Job Status,imposition-template-actual,,,1setOf (type2 keyword | name(MAX)),[PWG5100.8]
Job Status,impressions-completed-current-copy(obsolete),,,integer(0:MAX),[RFC3381]
Job Status,input-attributes-actual,,,collection,[PWG5100.15]
Job Status,insert-sheet-actual,,,1setOf collection,[PWG5100.8]
Job Status,insert-sheet-actual,"<Member attributes are the same as the ""insert-sheet"" Job Template attribute>",,,[PWG5100.8]
Job Status,job-account-id-actual,,,1setOf (name(MAX),[PWG5100.8]
Job Status,job-account-type-actual,,,type2 keyword | name(MAX),[PWG5100.16]
Job Status,job-accounting-sheets-actual,,,1setOf collection,[PWG5100.8]
Job Status,job-accounting-sheets-actual,"<Member attributes are the same as the ""job-accounting-sheets"" Job Template attribute>",,,[PWG5100.8]
Job Status,job-accounting-user-id-actual,,,1setOf (name(MAX),[PWG5100.8]
Job Status,job-attribute-fidelity,,,boolean,[PWG5100.7]
Job Status,job-detailed-status-messages,,,1setOf text(MAX),[RFC8011]
Job Status,job-document-access-errors,,,1setOf text(MAX),[RFC8011]
Job Status,job-error-sheet-actual,,,1setOf collection,[PWG5100.8]
Job Status,job-error-sheet-actual,"<Member attributes are the same as the ""job-error-sheet"" Job Template attribute>",,,[PWG5100.8]
Job Status,job-hold-until-actual,,,1setOf (type2 keyword | name),[PWG5100.8]
Job Status,job-id,,,integer(1:MAX),[RFC8011]
Job Status,job-impressions,,,integer(0:MAX),[RFC8011]
Job Status,job-impressions-col,,,collection,[APRIL2015F2F]
Job Status,job-impressions-col,blank,,integer(0:MAX),[APRIL2015F2F]
Job Status,job-impressions-col,blank-two-sided,,integer(0:MAX),[APRIL2015F2F]
Job Status,job-impressions-col,full-color,,integer(0:MAX),[APRIL2015F2F]
Job Status,job-impressions-col,full-color-two-sided,,integer(0:MAX),[APRIL2015F2F]
Job Status,job-impressions-col,highlight-color,,integer(0:MAX),[APRIL2015F2F]
Job Status,job-impressions-col,highlight-color-two-sided,,integer(0:MAX),[APRIL2015F2F]
Job Status,job-impressions-col,monochrome,,integer(0:MAX),[APRIL2015F2F]
Job Status,job-impressions-col,monochrome-two-sided,,integer(0:MAX),[APRIL2015F2F]
Job Status,job-impressions-completed,,,integer(0:MAX),[RFC8011]
Job Status,job-impressions-completed-col,,,collection,[APRIL2015F2F]
Job Status,job-impressions-completed-col,"<Member attributes are the same as the ""job-impressions-col"" Job Template attribute>",,,[APRIL2015F2F]
Job Status,job-k-octets,,,integer(0:MAX),[RFC8011]
Job Status,job-k-octets-processed,,,integer(0:MAX),[RFC8011]
Job Status,job-media-sheets,,,integer(0:MAX),[RFC8011]
Job Status,job-media-sheets-col,,,collection,[APRIL2015F2F]
Job Status,job-media-sheets-col,blank,,integer(0:MAX),[APRIL2015F2F]
Job Status,job-media-sheets-col,full-color,,integer(0:MAX),[APRIL2015F2F]
Job Status,job-media-sheets-col,highlight-color,,integer(0:MAX),[APRIL2015F2F]
Job Status,job-media-sheets-col,monochrome,,integer(0:MAX),[APRIL2015F2F]
Job Status,job-media-sheets-completed,,,integer(0:MAX),[RFC8011]
Job Status,job-media-sheets-completed-col,,,collection,[APRIL2015F2F]
Job Status,job-media-sheets-completed-col,"<Member attributes are the same as the ""job-media-sheets-col"" Job Template attribute>",,,[APRIL2015F2F]
Job Status,job-more-info,,,uri,[RFC8011]
Job Status,job-originating-user-name,,,name(MAX),[RFC8011]
Job Status,job-originating-user-uri,,,uri,[PWG5100.13]
Job Status,job-pages,,,integer(0:MAX),[PWG5100.13]
Job Status,job-pages-col,,,collection,[APRIL2015F2F]
Job Status,job-pages-col,full-color,,integer(0:MAX),[APRIL2015F2F]
Job Status,job-pages-col,monochrome,,integer(0:MAX),[APRIL2015F2F]
Job Status,job-pages-completed,,,integer(0:MAX),[PWG5100.13]
Job Status,job-pages-completed-col,,,collection,[APRIL2015F2F]
Job Status,job-pages-completed-col,"<Member attributes are the same as the ""job-pages-col"" Job Template attribute>",,,[APRIL2015F2F]
Job Status,job-pages-completed-current-copy,,,integer(0:MAX),[PWG5100.13]
Job Status,job-printer-up-time,,,integer(1:MAX),[RFC8011]
Job Status,job-printer-uri,,,uri,[RFC8011]
Job Status,job-priority-actual,,,1setOf integer(1:100),[PWG5100.8]
Job Status,job-sheet-message-actual,,,1setOf (text(MAX)),[PWG5100.8]
Job Status,job-sheets-actual,,,1setOf (type2 keyword | name),[PWG5100.8]
Job Status,job-sheets-col-actual,,,1setOf collection,[PWG5100.8]
Job Status,job-sheets-col-actual,"<Member attributes are the same as the ""job-sheets-col"" Job Template attribute>",,,[PWG5100.8]
Job Status,job-state,,,type1 enum | unknown,[RFC8011]
Job Status,job-state-message,,,text(MAX),[RFC8011]
Job Status,job-state-reasons,,,1setOf  type2 keyword,[RFC8011]
Job Status,job-uri,,,uri,[RFC8011]
Job Status,job-uuid,,,uri(45),[PWG5100.13]
Job Status,materials-col-actual,,,1setOf collection,[PWG5100.21]
Job Status,media-actual,,,1setOf (type2 keyword | name(MAX)),[PWG5100.8]
Job Status,media-col-actual,,,1setOf collection,[PWG5100.8]
Job Status,media-col-actual,"<Member attributes are the same as the ""media-col"">",,,[PWG5100.8]
Job Status,media-input-tray-check-actual,,,1setOf (type2 keyword | name(MAX)),[PWG5100.8]
Job Status,multiple-document-handling-actual,,,1setOf (type2 keyword),[PWG5100.8]
Job Status,multiple-object-handling-actual,,,type2 keyword,[PWG5100.21]
Job Status,number-of-documents,,,integer(0:MAX),[RFC8011]
Job Status,number-of-intervening-jobs,,,integer(0:MAX),[RFC8011]
Job Status,number-up-actual,,,1setOf integer(1:MAX),[PWG5100.8]
Job Status,orientation-requested-actual,,,1setOf type2 enum,[PWG5100.8]
Job Status,original-requesting-user-name,,,name(MAX),[RFC3998]
Job Status,output-attributes-actual,,,collection,[PWG5100.17]
Job Status,output-bin-actual,,,1setOf (type2 keyword | name(MAX)),[PWG5100.8]
Job Status,output-device-actual,,,1setOf name(127),[PWG5100.7]
Job Status,output-device-assigned,,,name(127),[RFC8011]
Job Status,output-device-job-state,,,type2 enum,[PWG5100.18]
Job Status,output-device-job-state-message,,,text(MAX),[PWG5100.18]
Job Status,output-device-job-state-reasons,,,1setOf type2 keyword,[PWG5100.18]
Job Status,output-device-uuid-assigned,,,uri,[PWG5100.18]
Job Status,overrides-actual,,,1setOf collection,[PWG5100.6]
Job Status,overrides-actual,"<Member attributes are the same as the ""overrides"" Job Template attribute>",,,[PWG5100.6]
Job Status,page-delivery-actual,,,1setOf (type2 keyword),[PWG5100.8]
Job Status,page-order-received-actual,,,1setOf (type2 keyword),[PWG5100.8]
Job Status,page-order-received-actual(obsolete),,,type2 keyword,[IPP20190509B]
Job Status,page-ranges-actual,,,1setOf rangeOfInteger(1:MAX),[PWG5100.8]
Job Status,platform-temperature-actual,,,1setOf integer(-273:MAX),[PWG5100.21]
Job Status,presentation-direction-number-up-actual,,,1setOf (type2 keyword),[PWG5100.8]
Job Status,print-accuracy-actual,,,collection,[PWG5100.21]
Job Status,print-base-actual,,,1setOf type2 keyword,[PWG5100.21]
Job Status,print-color-mode-actual,,,1setOf type2 keyword,[PWG5100.13]
Job Status,print-content-optimize-actual,,,1setOf type2 keyword,[PWG5100.7]
Job Status,print-objects-actual,,,1setOf collection,[PWG5100.21]
Job Status,print-quality-actual,,,1setOf type2 enum,[PWG5100.8]
Job Status,print-rendering-intent-actual,,,1setOf type2 keyword,[PWG5100.7]
Job Status,print-supports-actual,,,1setOf type2 keyword,[PWG5100.21]
Job Status,printer-resolution-actual,,,1setOf resolution,[PWG5100.8]
Job Status,separator-sheets-actual,,,1setOf collection,[PWG5100.8]
Job Status,separator-sheets-actual,"<Member attributes are the same as the ""separator-sheets"">",,,[PWG5100.8]
Job Status,sheet-collate-actual,,,1setOf (type2 keyword),[PWG5100.8]
Job Status,sheet-collate-actual(deprecated),,,1setOf type2 keyword,[APPLE20150505-1]
Job Status,sheet-completed-copy-number(obsolete),,,integer(0:MAX),[RFC3381]
Job Status,sheet-completed-document-number(obsolete),,,integer(0:MAX),[RFC3381]
Job Status,sides-actual,,,1setOf (type2 keyword),[PWG5100.8]
Job Status,time-at-completed,,,integer(MIN:MAX) | no-value,[RFC8011]
Job Status,time-at-creation,,,integer(MIN:MAX),[RFC8011]
Job Status,time-at-processing,,,integer(MIN:MAX) | no-value,[RFC8011]
Job Status,warnings-count,,,integer(0:MAX),[PWG5100.7]
Job Status,x-image-position-actual,,,1setOf (type2 keyword),[PWG5100.8]
Job Status,x-image-shift-actual,,,1setOf (integer(MIN:MAX)),[PWG5100.8]
Job Status,x-side1-image-shift-actual,,,1setOf (integer(MIN:MAX)),[PWG5100.8]
Job Status,x-side2-image-shift-actual,,,1setOf (integer(MIN:MAX)),[PWG5100.8]
Job Status,y-image-position-actual,,,1setOf (type2 keyword),[PWG5100.8]
Job Status,y-image-shift-actual,,,1setOf (integer(MIN:MAX)),[PWG5100.8]
Job Status,y-side1-image-shift-actual,,,1setOf (integer(MIN:MAX)),[PWG5100.8]
Job Status,y-side2-image-shift-actual,,,1setOf (integer(MIN:MAX)),[PWG5100.8]
Job Template,chamber-humidity,,,integer(0:100),[PWG5100.21]
Job Template,chamber-temperature,,,integer(-273:MAX),[PWG5100.21]
Job Template,confirmation-sheet-print,,,boolean,[PWG5100.15]
Job Template,copies,,,integer(1:MAX),[RFC8011]
Job Template,cover-back,,,collection,[PWG5100.3]
Job Template,cover-back,cover-type,,type2 keyword,[PWG5100.3]
Job Template,cover-back,media,,type2 keyword | name(MAX),[RFC8011]
Job Template,cover-back,media-col,,collection,[PWG5100.3]
Job Template,cover-back,media-col,"<Member attributes are the same as the ""media-col"" Job Template attribute>",,[PWG5100.3]
Job Template,cover-front,,,collection,[PWG5100.3]
Job Template,cover-front,cover-type,,type2 keyword,[PWG5100.3]
Job Template,cover-front,media,,type2 keyword | name(MAX),[RFC8011]
Job Template,cover-front,media-col,,collection,[PWG5100.3]
Job Template,cover-front,media-col,"<Member attributes are the same as the ""media-col"" Job Template attribute>",,[PWG5100.3]
Job Template,cover-sheet-info,,,collection,[PWG5100.15]
Job Template,cover-sheet-info,from-name,,text(MAX),[PWG5100.15]
Job Template,cover-sheet-info,logo,,uri,[PWG5100.15]
Job Template,cover-sheet-info,message,,text(MAX),[PWG5100.15]
Job Template,cover-sheet-info,organization-name,,text(MAX),[PWG5100.15]
Job Template,cover-sheet-info,subject,,text(MAX),[PWG5100.15]
Job Template,cover-sheet-info,to-name,,text(MAX),[PWG5100.15]
Job Template,destination-uris,,,1setOf collection,[PWG5100.15]
Job Template,destination-uris,destination-attributes,,1setOf collection,[PWG5100.17]
Job Template,destination-uris,destination-uri,,uri,[PWG5100.15]
Job Template,destination-uris,post-dial-string,,text(127),[PWG5100.15]
Job Template,destination-uris,pre-dial-string,,text(127),[PWG5100.15]
Job Template,destination-uris,t33-subaddress,,integer(0:MAX),[PWG5100.15]
Job Template,feed-orientation,,,type2 keyword,[PWG5100.11]
Job Template,finishings,,,1setOf type2 enum,[RFC8011]
Job Template,finishings-col,,,1setOf collection | no-value,[PWG5100.1]
Job Template,finishings-col,baling,,collection,[PWG5100.1]
Job Template,finishings-col,baling,baling-type,type2 keyword | name(MAX),[PWG5100.1]
Job Template,finishings-col,baling,baling-when,type2 keyword,[PWG5100.1]
Job Template,finishings-col,binding,,collection,[PWG5100.1]
Job Template,finishings-col,binding,binding-reference-edge,type1 keyword,[PWG5100.1]
Job Template,finishings-col,binding,binding-type,type2 keyword | name(MAX),[PWG5100.1]
Job Template,finishings-col,coating,,collection,[PWG5100.1]
Job Template,finishings-col,coating,coating-sides,type1 keyword,[PWG5100.1]
Job Template,finishings-col,coating,coating-type,type2 keyword | name(MAX),[PWG5100.1]
Job Template,finishings-col,covering,,collection,[PWG5100.1]
Job Template,finishings-col,covering,covering-name,type2 keyword | name(MAX),[PWG5100.1]
Job Template,finishings-col,finishing-template,,type2 keyword | name(MAX),[PWG5100.1]
Job Template,finishings-col,folding,,1setOf collection,[PWG5100.1]
Job Template,finishings-col,folding,folding-direction,type1 keyword,[PWG5100.1]
Job Template,finishings-col,folding,folding-offset,integer(0:MAX),[PWG5100.1]
Job Template,finishings-col,folding,folding-reference-edge,type1 keyword,[PWG5100.1]
Job Template,finishings-col,imposition-template,,type2 keyword | name(MAX),[PWG5100.1]
Job Template,finishings-col,laminating,,collection,[PWG5100.1]
Job Template,finishings-col,laminating,laminating-sides,type1 keyword,[PWG5100.1]
Job Template,finishings-col,laminating,laminating-type,type2 keyword | name(MAX),[PWG5100.1]
Job Template,finishings-col,media-sheets-supported,,rangeOfInteger(1:MAX),[PWG5100.1]
Job Template,finishings-col,media-size,,collection,[PWG5100.1]
Job Template,finishings-col,media-size-name,,type2 keyword,[PWG5100.1]
Job Template,finishings-col,punching,,collection,[PWG5100.1]
Job Template,finishings-col,punching,punching-locations,1setOf integer(0:MAX),[PWG5100.1]
Job Template,finishings-col,punching,punching-offset,integer(0:MAX),[PWG5100.1]
Job Template,finishings-col,punching,punching-reference-edge,type1 keyword,[PWG5100.1]
Job Template,finishings-col,stitching,,collection,[PWG5100.1]
Job Template,finishings-col,stitching,stitching-angle,integer(0:359),[PWG5100.1]
Job Template,finishings-col,stitching,stitching-locations,1setOf integer(0:MAX),[PWG5100.1]
Job Template,finishings-col,stitching,stitching-method,type2 keyword,[PWG5100.1]
Job Template,finishings-col,stitching,stitching-offset,integer(0:MAX),[PWG5100.1]
Job Template,finishings-col,stitching,stitching-reference-edge,type2 keyword,[PWG5100.1]
Job Template,finishings-col,trimming,,1setOf collection,[PWG5100.1]
Job Template,finishings-col,trimming,trimming-offset,integer(0:MAX),[PWG5100.1]
Job Template,finishings-col,trimming,trimming-reference-edge,type1 keyword,[PWG5100.1]
Job Template,finishings-col,trimming,trimming-type,type2 keyword | name(MAX),[PWG5100.1]
Job Template,finishings-col,trimming,trimming-when,type2 keyword,[PWG5100.1]
Job Template,font-name-requested,,,name(MAX),[PWG5100.11]
Job Template,font-size-requested,,,integer(1:MAX),[PWG5100.11]
Job Template,force-front-side,,,1setOf integer(1:MAX),[PWG5100.3]
Job Template,imposition-template,,,type2 keyword | name(MAX),[PWG5100.3]
Job Template,insert-sheet,,,1setOf collection,[PWG5100.3]
Job Template,insert-sheet,insert-after-page-number,,integer(0:MAX),[PWG5100.3]
Job Template,insert-sheet,insert-count,,integer(0:MAX),[PWG5100.3]
Job Template,insert-sheet,media,,type2 keyword | name(MAX),[RFC8011]
Job Template,insert-sheet,media-col,,collection,[PWG5100.3]
Job Template,insert-sheet,media-col,"<Member attributes are the same as the ""media-col"" Job Template attribute>",,[PWG5100.3]
Job Template,job-account-id,,,name(MAX),[PWG5100.3]
Job Template,job-account-type,,,type2 keyword | name(MAX),[PWG5100.16]
Job Template,job-accounting-sheets,,,collection,[PWG5100.3]
Job Template,job-accounting-sheets,job-accounting-output-bin,,type2 keyword | name(MAX),[PWG5100.3]
Job Template,job-accounting-sheets,job-accounting-sheets-type,,type2 keyword | name(MAX),[PWG5100.3]
Job Template,job-accounting-sheets,media,,type2 keyword | name(MAX),[RFC8011]
Job Template,job-accounting-sheets,media-col,,collection,[PWG5100.3]
Job Template,job-accounting-sheets,media-col,"<Member attributes are the same as the ""media-col"" Job Template attribute>",,[PWG5100.3]
Job Template,job-accounting-user-id,,,name(MAX),[PWG5100.3]
Job Template,job-copies,,,integer(1:MAX),[PWG5100.5]
Job Template,job-cover-back,,,collection,[PWG5100.5]
Job Template,job-cover-back,"<Member attributes are the same as the ""cover-back"">",,,[PWG5100.5]
Job Template,job-cover-front,,,collection,[PWG5100.5]
Job Template,job-cover-front,"<Member attributes are the same as the ""cover-front"">",,,[PWG5100.5]
Job Template,job-delay-output-until,,,type2 keyword | name(MAX),[PWG5100.11]
Job Template,job-delay-output-until-time,,,dateTime,[PWG5100.11]
Job Template,job-error-action,,,type2 keyword,[PWG5100.13]
Job Template,job-error-sheet,,,collection,[PWG5100.3]
Job Template,job-error-sheet,job-error-sheet-type,,type2 keyword | name(MAX),[PWG5100.3]
Job Template,job-error-sheet,job-error-sheet-when,,type2 keyword,[PWG5100.3]
Job Template,job-error-sheet,media,,type2 keyword | name(MAX),[PWG5100.3]
Job Template,job-error-sheet,media-col,,collection,[PWG5100.3]
Job Template,job-error-sheet,media-col,"<Member attributes are the same as the ""media-col"" Job Template attribute>",,[PWG5100.3]
Job Template,job-finishings,,,1setOf type2 enum,[PWG5100.5]
Job Template,job-finishings-col,,,collection,[PWG5100.5]
Job Template,job-finishings-col,"<Member attributes are the same as the ""finishings-col"" Job Template attribute>",,,[PWG5100.5]
Job Template,job-hold-until,,,type2 keyword | name(MAX),[RFC8011]
Job Template,job-hold-until-time,,,dateTime,[PWG5100.11]
Job Template,job-message-to-operator,,,text(MAX),[PWG5100.3]
Job Template,job-pages-per-set,,,integer(1:MAX),[PWG5100.1]
Job Template,job-phone-number,,,uri,[PWG5100.11]
Job Template,job-priority,,,integer(1:100),[RFC8011]
Job Template,job-recipient-name,,,name(MAX),[PWG5100.11]
Job Template,job-save-disposition,,,collection,[PWG5100.11]
Job Template,job-save-disposition,save-disposition,,type2 keyword,[PWG5100.11]
Job Template,job-save-disposition,save-info,,1setOf collection,[PWG5100.11]
Job Template,job-save-disposition,save-info,save-document-format,mimeMediaType,[PWG5100.11]
Job Template,job-save-disposition,save-info,save-location,uri,[PWG5100.11]
Job Template,job-save-disposition,save-info,save-name,name(MAX),[PWG5100.11]
Job Template,job-sheet-message,,,text(MAX),[PWG5100.3]
Job Template,job-sheets,,,type2 keyword | name(MAX),[RFC8011]
Job Template,job-sheets-col,,,collection,[PWG5100.3]
Job Template,job-sheets-col,job-sheets,,type2 keyword | name(MAX),[PWG5100.3]
Job Template,job-sheets-col,media,,type2 keyword | name(MAX),[RFC8011]
Job Template,job-sheets-col,media-col,,collection,[PWG5100.3]
Job Template,job-sheets-col,media-col,"<Member attributes are the same as the ""media-col"" Job Template attribute>",,[PWG5100.3]
Job Template,materials-col,,,1setOf collection,[PWG5100.21]
Job Template,materials-col,material-amount,,integer(0:MAX),[PWG5100.21]
Job Template,materials-col,material-amount-units,,type2 keyword,[PWG5100.21]
Job Template,materials-col,material-color,,type2 keyword,[PWG5100.21]
Job Template,materials-col,material-diameter,,integer(0:MAX),[PWG5100.21]
Job Template,materials-col,material-diameter-tolerance,,integer(0:MAX),[PWG5100.21]
Job Template,materials-col,material-fill-density,,integer(0:100),[PWG5100.21]
Job Template,materials-col,material-key,,keyword,[PWG5100.21]
Job Template,materials-col,material-name,,name(MAX),[PWG5100.21]
Job Template,materials-col,material-nozzle-diameter,,integer(0:MAX),[PWG5100.21]
Job Template,materials-col,material-purpose,,1setOf type2 keyword,[PWG5100.21]
Job Template,materials-col,material-rate,,integer(1:MAX),[PWG5100.21]
Job Template,materials-col,material-rate-units,,type2 keyword,[PWG5100.21]
Job Template,materials-col,material-retraction,,boolean,[PWG5100.21]
Job Template,materials-col,material-shell-thickness,,integer(0:MAX),[PWG5100.21]
Job Template,materials-col,material-temperature,,integer(-273:MAX) | rangeOfInteger(-273:MAX),[PWG5100.21]
Job Template,materials-col,material-type,,type2 keyword | name(MAX),[PWG5100.21]
Job Template,media,,,type2 keyword | name(MAX),[RFC8011]
Job Template,media-col,,,collection,[PWG5100.3]
Job Template,media-col,media-back-coating,,type2 keyword | name(MAX),[PWG5100.3]
Job Template,media-col,media-bottom-margin,,integer(0:MAX),[PWG5100.13]
Job Template,media-col,media-color,,type2 keyword | name(MAX),[PWG5100.3]
Job Template,media-col,media-front-coating,,type2 keyword | name(MAX),[PWG5100.3]
Job Template,media-col,media-grain,,type2 keyword | name(MAX),[PWG5100.11]
Job Template,media-col,media-hole-count,,integer(0:MAX),[PWG5100.3]
Job Template,media-col,media-info,,text(255),[PWG5100.3]
Job Template,media-col,media-key,,keyword | name(MAX),[PWG5100.3]
Job Template,media-col,media-left-margin,,integer(0:MAX),[PWG5100.13]
Job Template,media-col,media-order-count,,integer(1:MAX),[PWG5100.3]
Job Template,media-col,media-pre-printed,,type2 keyword | name(MAX),[PWG5100.3]
Job Template,media-col,media-recycled,,type2 keyword | name(MAX),[PWG5100.3]
Job Template,media-col,media-right-margin,,integer(0:MAX),[PWG5100.13]
Job Template,media-col,media-size,,collection,[PWG5100.3]
Job Template,media-col,media-size,x-dimension,integer(0:MAX),[PWG5100.3]
Job Template,media-col,media-size,y-dimension,integer(0:MAX),[PWG5100.3]
Job Template,media-col,media-size-name,,type2 keyword | name(MAX),[PWG5100.13]
Job Template,media-col,media-source,,type2 keyword | name(MAX),[PWG5100.13]
Job Template,media-col,media-thickness,,integer(1:MAX),[PWG5100.11]
Job Template,media-col,media-tooth,,type2 keyword | name(MAX),[PWG5100.11]
Job Template,media-col,media-top-margin,,integer(0:MAX),[PWG5100.13]
Job Template,media-col,media-type,,type2 keyword | name(MAX),[PWG5100.3]
Job Template,media-col,media-weight-metric,,integer(0:MAX),[PWG5100.3]
Job Template,media-input-tray-check,,,type2 keyword | name(MAX),[PWG5100.3]
Job Template,multiple-document-handling,,,type2 keyword,[RFC8011]
Job Template,multiple-object-handling,,,type2 keyword,[PWG5100.21]
Job Template,number-of-retries,,,integer(0:MAX),[PWG5100.15]
Job Template,number-up,,,integer(1:MAX),[RFC8011]
Job Template,orientation-requested,,,type2 enum,[RFC8011]
Job Template,output-bin,,,type2 keyword | name(MAX),[PWG5100.2]
Job Template,output-device,,,name(127),[PWG5100.7]
Job Template,overrides,,,1setOf  collection,[PWG5100.6]
Job Template,overrides,<Any Job Template attribute>,,,[PWG5100.6]
Job Template,overrides,document-copies,,1setOf rangeOfInteger(MAX),[PWG5100.6]
Job Template,overrides,document-numbers,,1setOf rangeOfInteger(MAX),[PWG5100.6]
Job Template,overrides,pages,,1setOf rangeOfInteger(MAX),[PWG5100.6]
Job Template,page-delivery,,,type2 keyword,[PWG5100.3]
Job Template,page-order-received,,,type2 keyword,[PWG5100.3]
Job Template,page-order-received(obsolete),,,type2 keyword,[IPP20190509B]
Job Template,page-ranges,,,1setOf rangeOfInteger(1:MAX),[RFC8011]
Job Template,pages-per-subset,,,1setOf integer(1:MAX),[PWG5100.13]
Job Template,pages-per-subset(deprecated),,,1setOf integer(1:MAX),[IPP20190509A]
Job Template,pclm-source-resolution,,,resolution,[HP20180907]
Job Template,pdl-init-file,,,collection,[PWG5100.11]
Job Template,pdl-init-file,pdl-init-file-entry,,name(MAX),[PWG5100.11]
Job Template,pdl-init-file,pdl-init-file-location,,uri,[PWG5100.11]
Job Template,pdl-init-file,pdl-init-file-name,,name(MAX),[PWG5100.11]
Job Template,platform-temperature,,,integer(-273:MAX),[PWG5100.21]
Job Template,presentation-direction-number-up,,,type2 keyword,[PWG5100.3]
Job Template,print-accuracy,,,collection,[PWG5100.21]
Job Template,print-accuracy,accuracy-units,,type2 keyword,[PWG5100.21]
Job Template,print-accuracy,x-accuracy,,integer(0:MAX),[PWG5100.21]
Job Template,print-accuracy,y-accuracy,,integer(0:MAX),[PWG5100.21]
Job Template,print-accuracy,z-accuracy,,integer(0:MAX),[PWG5100.21]
Job Template,print-base,,,type2 keyword,[PWG5100.21]
Job Template,print-color-mode,,,type2 keyword,[PWG5100.13]
Job Template,print-content-optimize,,,type2 keyword,[PWG5100.7]
Job Template,print-objects,,,1setOf collection,[PWG5100.21]
Job Template,print-objects,document-number,,integer(1:MAX),[PWG5100.21]
Job Template,print-objects,object-offset,,collection,[PWG5100.21]
Job Template,print-objects,object-offset,x-offset,integer(0:MAX),[PWG5100.21]
Job Template,print-objects,object-offset,y-offset,integer(0:MAX),[PWG5100.21]
Job Template,print-objects,object-offset,z-offset,integer(0:MAX),[PWG5100.21]
Job Template,print-objects,object-size,,collection,[PWG5100.21]
Job Template,print-objects,object-size,x-dimension,integer(1:MAX),[PWG5100.21]
Job Template,print-objects,object-size,y-dimension,integer(1:MAX),[PWG5100.21]
Job Template,print-objects,object-size,z-dimension,integer(1:MAX),[PWG5100.21]
Job Template,print-objects,object-uuid,,uri,[PWG5100.21]
Job Template,print-quality,,,type2 enum,[RFC8011]
Job Template,print-rendering-intent,,,type2 keyword,[PWG5100.13]
Job Template,print-scaling,,,type2 keyword,[PWG5100.16]
Job Template,print-supports,,,type2 keyword,[PWG5100.21]
Job Template,printer-resolution,,,resolution,[RFC8011]
Job Template,proof-print,,,collection,[PWG5100.11]
Job Template,proof-print,media,,type2 keyword | name(MAX),[PWG5100.11]
Job Template,proof-print,media-col,,collection,[PWG5100.11]
Job Template,proof-print,media-col,"<Member attributes are the same as the ""media-col"" Job Template attribute>",,[PWG5100.11]
Job Template,proof-print,proof-print-copies,,integer(0:MAX),[PWG5100.11]
Job Template,retry-interval,,,integer(1:MAX),[PWG5100.15]
Job Template,retry-time-out,,,integer(1:MAX),[PWG5100.15]
Job Template,separator-sheets,,,collection,[PWG5100.3]
Job Template,separator-sheets,media,,type2 keyword | name(MAX),[RFC8011]
Job Template,separator-sheets,media-col,,collection,[PWG5100.3]
Job Template,separator-sheets,media-col,"<Member attributes are the same as the ""media-col"" Job Template attribute>",,[PWG5100.3]
Job Template,separator-sheets,separator-sheets-type,,1setOf type2 keyword,[PWG5100.3]
Job Template,sheet-collate(obsolete),,,type2 keyword,[RFC3381]
Job Template,sides,,,type2 keyword,[RFC8011]
Job Template,x-image-position,,,type2 keyword,[PWG5100.3]
Job Template,x-image-shift,,,integer(MIN:MAX),[PWG5100.3]
Job Template,x-side1-image-shift,,,integer(MIN:MAX),[PWG5100.3]
Job Template,x-side2-image-shift,,,integer(MIN:MAX),[PWG5100.3]
Job Template,y-image-position,,,type2 keyword,[PWG5100.3]
Job Template,y-image-shift,,,integer(MIN:MAX),[PWG5100.3]
Job Template,y-side1-image-shift,,,integer(MIN:MAX),[PWG5100.3]
Job Template,y-side2-image-shift,,,integer(MIN:MAX),[PWG5100.3]
Operation,attributes-charset,,,charset,[RFC8011]
Operation,attributes-natural-language,,,naturalLanguage,[RFC8011]
Operation,charge-info-message,,,text,[PWG5100.16]
Operation,compression,,,type2 keyword,[RFC8011]
Operation,compression-accepted,,,1setOf type2 keyword,[PWG5100.17]
Operation,destination-accesses,,,1setOf collection | no-value,[PWG5100.17]
Operation,destination-accesses,access-oauth-token,,1setOf octetString(MAX),[PWG5100.17]
Operation,destination-accesses,access-oauth-uri,,uri,[PWG5100.17]
Operation,destination-accesses,access-password,,text(MAX),[PWG5100.17]
Operation,destination-accesses,access-pin,,text(MAX),[PWG5100.17]
Operation,destination-accesses,access-user-name,,text(MAX),[PWG5100.17]
Operation,destination-accesses,access-x509-certificate(obsolete),,1setOf octetString(MAX),[IPPWG20180620]
Operation,detailed-status-message,,,text(MAX),[RFC8011]
Operation,document-access,,,collection | no-value,[PWG5100.18]
Operation,document-access,access-oauth-token,,1setOf octetString(MAX),[PWG5100.18]
Operation,document-access,access-oauth-uri,,uri,[PWG5100.18]
Operation,document-access,access-password,,text(MAX),[PWG5100.18]
Operation,document-access,access-pin,,text(MAX),[PWG5100.18]
Operation,document-access,access-user-name,,text(MAX),[PWG5100.18]
Operation,document-access,access-x509-certificate(obsolete),,1setOf octetString(MAX),[IPPWG20180620]
Operation,document-access-error,,,text(MAX),[RFC8011]
Operation,document-charset,,,charset,[PWG5100.7]
Operation,document-data-get-interval,,,integer(0:MAX),[PWG5100.17]
Operation,document-data-wait,,,boolean,[PWG5100.17]
Operation,document-digital-signature,,,type2 keyword,[PWG5100.7]
Operation,document-format,,,mimeMediaType,[RFC8011]
Operation,document-format-accepted,,,1setOf mimeMediaType,[PWG5100.18]
Operation,document-format-details,,,1setOf collection,[PWG5100.7]
Operation,document-format-details,document-format,,mimeMediaType,[PWG5100.7]
Operation,document-format-details,document-format-device-id,,text(127),[PWG5100.7]
Operation,document-format-details,document-format-version,,text(127),[PWG5100.7]
Operation,document-format-details,document-natural-language,,1setOf naturalLanguage,[PWG5100.7]
Operation,document-format-details,document-source-application-name,,name(MAX),[PWG5100.7]
Operation,document-format-details,document-source-application-version,,text(127),[PWG5100.7]
Operation,document-format-details,document-source-os-name,,name(40),[PWG5100.7]
Operation,document-format-details,document-source-os-version,,text(40),[PWG5100.7]
Operation,document-message,,,text(MAX),[PWG5100.5]
Operation,document-metadata,,,1setOf octetString(MAX),[PWG5100.13]
Operation,document-name,,,name(MAX),[RFC8011]
Operation,document-natural-language,,,naturalLanguage,[RFC8011]
Operation,document-natural-language,,,naturalLanguage,[PWG5100.7]
Operation,document-number,,,integer(1:MAX),[PWG5100.5]
Operation,document-password,,,octetString(1023),[PWG5100.13]
Operation,document-preprocessed,,,boolean,[PWG5100.18]
Operation,fetch-status-code,,,type2 enum,[PWG5100.18]
Operation,fetch-status-message,,,text(MAX),[PWG5100.18]
Operation,first-index,,,integer(1:MAX),[PWG5100.13]
Operation,identify-actions,,,1setOf type2 keyword,[PWG5100.13]
Operation,input-attributes,,,collection,[PWG5100.15]
Operation,input-attributes,input-auto-scaling,,boolean,[PWG5100.15]
Operation,input-attributes,input-auto-skew-correction,,boolean,[PWG5100.15]
Operation,input-attributes,input-brightness,,integer(-100:100),[PWG5100.15]
Operation,input-attributes,input-color-mode,,type2 keyword,[PWG5100.15]
Operation,input-attributes,input-content-type,,type2 keyword,[PWG5100.15]
Operation,input-attributes,input-contrast,,integer(-100:100),[PWG5100.15]
Operation,input-attributes,input-film-scan-mode,,type2 keyword,[PWG5100.15]
Operation,input-attributes,input-images-to-transfer,,integer(1:MAX),[PWG5100.15]
Operation,input-attributes,input-media,,type2 keyword | name(MAX),[PWG5100.15]
Operation,input-attributes,input-orientation-requested,,type2 keyword,[PWG5100.15]
Operation,input-attributes,input-quality,,type2 enum,[PWG5100.15]
Operation,input-attributes,input-resolution,,resolution,[PWG5100.15]
Operation,input-attributes,input-scaling-height,,integer(1:1000),[PWG5100.15]
Operation,input-attributes,input-scaling-width,,integer(1:1000),[PWG5100.15]
Operation,input-attributes,input-scan-regions,,1setOf collection,[PWG5100.15]
Operation,input-attributes,input-scan-regions,x-dimension,integer,[PWG5100.15]
Operation,input-attributes,input-scan-regions,x-origin,integer,[PWG5100.15]
Operation,input-attributes,input-scan-regions,y-dimension,integer,[PWG5100.15]
Operation,input-attributes,input-scan-regions,y-origin,integer,[PWG5100.15]
Operation,input-attributes,input-sharpness,,integer(-100:100),[PWG5100.15]
Operation,input-attributes,input-sides,,type2 keyword,[PWG5100.15]
Operation,input-attributes,input-source,,type2 keyword,[PWG5100.15]
Operation,ipp-attribute-fidelity,,,boolean,[RFC8011]
Operation,job-authorization-uri,,,uri,[PWG5100.16]
Operation,job-hold-until,,,type2 keyword | name(MAX),[RFC8011]
Operation,job-id,,,integer(1:MAX),[RFC8011]
Operation,job-ids,,,1setOf integer(1:MAX),[PWG5100.11]
Operation,job-impressions,,,integer(0:MAX),[RFC8011]
Operation,job-impressions-col,,,collection,[APRIL2015F2F]
Operation,job-impressions-estimated,,,integer(1:MAX),[PWG5100.16]
Operation,job-k-octets,,,integer(0:MAX),[RFC8011]
Operation,job-mandatory-attributes,,,1setOf keyword,[PWG5100.7]
Operation,job-media-sheets,,,integer(0:MAX),[RFC8011]
Operation,job-media-sheets-col,,,collection,[APRIL2015F2F]
Operation,job-message-from-operator,,,text(127),[RFC3380]
Operation,job-name,,,name(MAX),[RFC8011]
Operation,job-pages,,,integer(0:MAX),[PWG5100.13]
Operation,job-pages-col,,,collection,[APRIL2015F2F]
Operation,job-password,,,octetString(255),[PWG5100.11]
Operation,job-password-encryption,,,type2 keyword | name(MAX),[PWG5100.11]
Operation,job-state,,,type1 enum,[RFC8011]
Operation,job-state-message,,,text(MAX),[RFC8011]
Operation,job-state-reasons,,,1setOf type2 keyword,[RFC8011]
Operation,job-uri,,,uri,[RFC8011]
Operation,last-document,,,boolean,[RFC8011]
Operation,limit,,,integer(1:MAX),[RFC8011]
Operation,message,,,text(127),[RFC8011]
Operation,my-jobs,,,boolean,[RFC8011]
Operation,notify-get-interval,,,integer(0:MAX),[RFC3996]
Operation,notify-sequence-numbers,,,1setOf integer(1:MAX),[RFC3996]
Operation,notify-subscription-ids,,,1setOf integer(1:MAX),[RFC3996]
Operation,notify-wait,,,boolean,[RFC3996]
Operation,original-requesting-user-name,,,name(MAX),[RFC3998]
Operation,output-attributes,,,collection,[PWG5100.17]
Operation,output-attributes,noise-removal,,integer(0:100),[PWG5100.17]
Operation,output-attributes,output-compression-quality-factor,,integer(0:100),[PWG5100.17]
Operation,output-device-job-states,,,1setOf type1 enum,[PWG5100.18]
Operation,output-device-uuid,,,uri,[PWG5100.18]
Operation,preferred-attributes,,,collection,[PWG5100.13]
Operation,printer-message-from-operator,,,text(127),[RFC3380]
Operation,printer-up-time,,,integer(1:MAX),[RFC3996]
Operation,printer-uri,,,uri,[RFC8011]
Operation,profile-uri-actual,,,uri,[PWG5100.16]
Operation,requested-attributes,,,1setOf type2 keyword,[RFC8011]
Operation,requesting-user-name,,,name(MAX),[RFC8011]
Operation,requesting-user-uri,,,uri,[PWG5100.13]
Operation,status-message,,,text(255),[RFC8011]
Operation,which-jobs,,,type2 keyword,[RFC8011]
Printer Description,accuracy-units-supported,,,1setOf type2 keyword,[PWG5100.21]
Printer Description,baling-type-supported,,,1setOf (type2 keyword | name(MAX)),[PWG5100.1]
Printer Description,baling-when-supported,,,1setOf type2 keyword,[PWG5100.1]
Printer Description,binding-reference-edge-supported,,,1setOf type1 keyword,[PWG5100.1]
Printer Description,binding-type-supported,,,1setOf type2 keyword,[PWG5100.1]
Printer Description,chamber-humidity-default,,,integer(0:100) | no-value,[PWG5100.21]
Printer Description,chamber-humidity-supported,,,boolean,[PWG5100.21]
Printer Description,chamber-temperature-default,,,integer(-273:MAX) | no-value,[PWG5100.21]
Printer Description,chamber-temperature-supported,,,1setOf (integer(-273:MAX) | rangeOfInteger(-273:MAX)),[PWG5100.21]
Printer Description,charset-configured,,,charset,[RFC8011]
Printer Description,charset-supported,,,1setOf charset,[RFC8011]
Printer Description,coating-sides-supported,,,1setOf type1 keyword,[PWG5100.1]
Printer Description,coating-type-supported,,,1setOf (type2 keyword | name(MAX)),[PWG5100.1]
Printer Description,color-supported,,,boolean,[RFC8011]
Printer Description,compression-supported,,,1setOf type2 keyword,[RFC8011]
Printer Description,confirmation-sheet-print-default,,,boolean,[PWG5100.15]
Printer Description,copies-default,,,integer(1:MAX),[RFC8011]
Printer Description,copies-supported,,,rangeOfInteger(1:MAX),[RFC8011]
Printer Description,cover-back-default,,,collection,[PWG5100.3]
Printer Description,cover-back-default,"<Member attributes are the same as the ""cover-back"" Job Template attribute>",,,[PWG5100.3]
Printer Description,cover-back-supported,,,1setOf keyword,[PWG5100.3]
Printer Description,cover-front-default,,,collection,[PWG5100.3]
Printer Description,cover-front-default,"<Member attributes are the same as the ""cover-front"" Job Template attribute>",,,[PWG5100.3]
Printer Description,cover-front-supported,,,1setOf keyword,[PWG5100.3]
Printer Description,cover-sheet-info-default,,,collection,[PWG5100.15]
Printer Description,cover-sheet-info-default,"<Member attributes are the same as the ""cover-sheet-info"" Job Template attribute>",,,[PWG5100.15]
Printer Description,cover-sheet-info-supported,,,1setOf keyword,[PWG5100.15]
Printer Description,covering-name-supported,,,1setOf (type2 keyword | name(MAX)),[PWG5100.1]
Printer Description,destination-accesses-supported,,,1setOf keyword,[PWG5100.17]
Printer Description,destination-uri-ready,,,1setOf collection,[PWG5100.17]
Printer Description,destination-uri-ready,destination-attributes,,1setOf collection,[PWG5100.17]
Printer Description,destination-uri-ready,destination-attributes-supported,,1setOf keyword,[PWG5100.17]
Printer Description,destination-uri-ready,destination-info,,text(MAX),[PWG5100.17]
Printer Description,destination-uri-ready,destination-is-directory,,boolean,[PWG5100.17]
Printer Description,destination-uri-ready,destination-mandatory-access-attributes,,1setOf keyword,[PWG5100.17]
Printer Description,destination-uri-ready,destination-name,,name(MAX),[PWG5100.17]
Printer Description,destination-uri-ready,destination-oauth-scope,,1setOf octetString(MAX),[PWG5100.17]
Printer Description,destination-uri-ready,destination-oauth-token,,1setOf octetString(MAX),[PWG5100.17]
Printer Description,destination-uri-ready,destination-oauth-uri,,uri,[PWG5100.17]
Printer Description,destination-uri-ready,destination-uri,,uri,[PWG5100.17]
Printer Description,destination-uri-schemes-supported,,,1setOf uriScheme,[PWG5100.15]
Printer Description,destination-uris-supported,,,1setOf keyword,[PWG5100.15]
Printer Description,document-access-supported,,,1setOf keyword,[PWG5100.18]
Printer Description,document-charset-default,,,charset,[PWG5100.7]
Printer Description,document-charset-supported,,,1setOf charset,[PWG5100.7]
Printer Description,document-creation-attributes-supported,,,1setOf keyword,[PWG5100.5]
Printer Description,document-digital-signature-default,,,type2 keyword,[PWG5100.7]
Printer Description,document-digital-signature-supported,,,1setOf keyword,[PWG5100.7]
Printer Description,document-format-default,,,mimeMediaType,[RFC8011]
Printer Description,document-format-details-default,,,collection,[PWG5100.7]
Printer Description,document-format-details-default,"<Member attributes are the same as the ""document-format-details"" Operation attribute>",,,[PWG5100.7]
Printer Description,document-format-details-supported,,,1setOf keyword,[PWG5100.7]
Printer Description,document-format-supported,,,1setOf mimeMediaType,[RFC8011]
Printer Description,document-format-version-default,,,text(127),[PWG5100.7]
Printer Description,document-format-version-supported,,,1setOf text(127),[PWG5100.7]
Printer Description,document-natural-language-default,,,naturalLanguage,[PWG5100.7]
Printer Description,document-natural-language-supported,,,1setOf naturalLanguage,[PWG5100.7]
Printer Description,document-password-supported,,,integer(0:1023),[PWG5100.13]
Printer Description,document-privacy-attributes,,,1setOf type2 keyword,[IPPPRIVACY10]
Printer Description,document-privacy-scope,,,type2 keyword,[IPPPRIVACY10]
Printer Description,feed-orientation-default,,,type2 keyword,[PWG5100.11]
Printer Description,feed-orientation-supported,,,1setOf type2 keyword,[PWG5100.11]
Printer Description,fetch-document-attributes-supported,,,1setOf keyword,[PWG5100.18]
Printer Description,finishing-template-supported,,,1setOf (type2 keyword | name(MAX)),[PWG5100.1]
Printer Description,finishings-col-database,,,1setOf collection,[PWG5100.1]
Printer Description,finishings-col-default,,,collection,[PWG5100.1]
Printer Description,finishings-col-default,"<Member attributes are the same as the ""finishings-col"" Job Template attribute>",,,[PWG5100.1]
Printer Description,finishings-col-ready,,,1setOf collection,[PWG5100.1]
Printer Description,finishings-col-ready,"<Member attributes are the same as the ""finishings-col"" Job Template attribute>",,,[PWG5100.1]
Printer Description,finishings-col-supported,,,1setOf keyword,[PWG5100.1]
Printer Description,finishings-default,,,1setOf type2 enum,[RFC8011]
Printer Description,finishings-ready,,,1setOf type2 enum,[PWG5100.1]
Printer Description,finishings-supported,,,1setOf type2 enum,[RFC8011]
Printer Description,folding-direction-supported,,,1setOf type1 keyword,[PWG5100.1]
Printer Description,folding-offset-supported,,,1setOf (integer(0:MAX) | rangeOfInteger(0:MAX)),[PWG5100.1]
Printer Description,folding-reference-edge-supported,,,1setOf type1 keyword,[PWG5100.1]
Printer Description,font-name-requested-default,,,name(MAX),[PWG5100.11]
Printer Description,font-name-requested-supported,,,1setOf name(MAX),[PWG5100.11]
Printer Description,font-size-requested-default,,,integer(1:MAX),[PWG5100.11]
Printer Description,font-size-requested-supported,,,1setOf rangeOfInteger(1:MAX),[PWG5100.11]
Printer Description,force-front-side-default (under review),,,1setOf integer(1:MAX),[PWG5100.3]
Printer Description,force-front-side-supported (under review),,,rangeOfInteger(1:MAX),[PWG5100.3]
Printer Description,from-name-supported,,,integer(0:1023),[PWG5100.15]
Printer Description,generated-natural-language-supported,,,1setOf naturalLanguage,[RFC8011]
Printer Description,identify-actions-default,,,1setOf type2 keyword,[PWG5100.13]
Printer Description,identify-actions-supported,,,1setOf type2 keyword,[PWG5100.13]
Printer Description,imposition-template-default,,,keyword | name(MAX),[PWG5100.3]
Printer Description,imposition-template-supported,,,1setOf (keyword | name(MAX)),[PWG5100.3]
Printer Description,input-attributes-default,,,collection,[PWG5100.15]
Printer Description,input-attributes-supported,,,1setOf keyword,[PWG5100.15]
Printer Description,input-color-mode-supported,,,1setOf type2 keyword,[PWG5100.15]
Printer Description,input-content-type-supported,,,1setOf type2 keyword,[PWG5100.15]
Printer Description,input-film-scan-mode-supported,,,1setOf type2 keyword,[PWG5100.15]
Printer Description,input-media-supported,,,1setOf (type2 keyword | name(MAX)),[PWG5100.15]
Printer Description,input-orientation-requested-supported,,,1setOf type2 enum,[PWG5100.15]
Printer Description,input-quality-supported,,,1setOf type2 enum,[PWG5100.15]
Printer Description,input-resolution-supported,,,1setOf resolution,[PWG5100.15]
Printer Description,input-scan-regions-supported,,,collection,[PWG5100.15]
Printer Description,input-scan-regions-supported,x-dimension,,rangeOfInteger,[PWG5100.15]
Printer Description,input-scan-regions-supported,x-origin,,rangeOfInteger,[PWG5100.15]
Printer Description,input-scan-regions-supported,y-dimension,,rangeOfInteger,[PWG5100.15]
Printer Description,input-scan-regions-supported,y-origin,,rangeOfInteger,[PWG5100.15]
Printer Description,input-sides-supported,,,1setOf type2 keyword,[PWG5100.15]
Printer Description,input-source-supported,,,1setOf type2 keyword,[PWG5100.15]
Printer Description,insert-after-page-number-supported,,,rangeOfInteger(0:MAX),[PWG5100.3]
Printer Description,insert-count-supported,,,rangeOfInteger(0:MAX),[PWG5100.3]
Printer Description,insert-sheet-default,,,1setOf collection,[PWG5100.3]
Printer Description,insert-sheet-default,"<Member attributes are the same as the ""insert-sheet"" Job Template attribute>",,,[PWG5100.3]
Printer Description,insert-sheet-supported,,,1setOf keyword,[PWG5100.3]
Printer Description,ipp-features-supported,,,1setOf type2 keyword,[PWG5100.13]
Printer Description,ipp-versions-supported,,,1setOf type2 keyword,[RFC8011]
Printer Description,ippget-event-life,,,integer(15:MAX),[RFC3996]
Printer Description,job-account-id-default,,,name(MAX) | no-value,[PWG5100.3]
Printer Description,job-account-id-supported,,,boolean,[PWG5100.3]
Printer Description,job-account-type-default,,,type2 keyword | name(MAX),[PWG5100.16]
Printer Description,job-account-type-supported,,,1setOf (type2 keyword | name(MAX)),[PWG5100.16]
Printer Description,job-accounting-sheets-default,,,collection | no-value,[PWG5100.3]
Printer Description,job-accounting-sheets-default,"<Member attributes are the same as the ""job-accounting-sheets"" Job Template attribute>",,,[PWG5100.3]
Printer Description,job-accounting-sheets-supported,,,1setOf keyword,[PWG5100.3]
Printer Description,job-accounting-user-id-default,,,name(MAX) | no-value,[PWG5100.3]
Printer Description,job-accounting-user-id-supported,,,boolean,[PWG5100.3]
Printer Description,job-authorization-uri-supported,,,boolean,[PWG5100.16]
Printer Description,job-constraints-supported,,,1setOf collection,[PWG5100.13]
Printer Description,job-constraints-supported,resolver-name,,name(MAX),[PWG5100.13]
Printer Description,job-creation-attributes-supported,,,1setOf keyword,[PWG5100.11]
Printer Description,job-delay-output-until-default,,,type2 keyword | name(MAX),[PWG5100.11]
Printer Description,job-delay-output-until-supported,,,1setOf (type2 keyword | name(MAX)),[PWG5100.11]
Printer Description,job-delay-output-until-time-supported,,,rangeOfInteger(0:MAX),[PWG5100.11]
Printer Description,job-destination-spooling-supported,,,type2 keyword,[PWG5100.17]
Printer Description,job-error-action-default,,,type2 keyword,[PWG5100.13]
Printer Description,job-error-action-supported,,,1setOf type2 keyword,[PWG5100.13]
Printer Description,job-error-sheet-default,,,collection | no-value,[PWG5100.3]
Printer Description,job-error-sheet-default,"<Member attributes are the same as the ""job-error-sheet"" Job Template attribute>",,,[PWG5100.3]
Printer Description,job-error-sheet-supported,,,1setOf keyword,[PWG5100.3]
Printer Description,job-hold-until-default,,,type2 keyword | name(MAX),[RFC8011]
Printer Description,job-hold-until-supported,,,1setOf (type2 keyword | name(MAX)),[RFC8011]
Printer Description,job-hold-until-time-supported,,,rangeOfInteger(0:MAX),[PWG5100.11]
Printer Description,job-ids-supported,,,boolean,[PWG5100.11]
Printer Description,job-impressions-supported,,,rangeOfInteger(0:MAX),[RFC8011]
Printer Description,job-k-octets-supported,,,rangeOfInteger(0:MAX),[RFC8011]
Printer Description,job-media-sheets-supported,,,rangeOfInteger(0:MAX),[RFC8011]
Printer Description,job-message-to-operator-default,,,text(MAX),[PWG5100.3]
Printer Description,job-message-to-operator-supported,,,boolean,[PWG5100.3]
Printer Description,job-pages-per-set-supported,,,boolean,[PWG5100.1]
Printer Description,job-password-encryption-supported,,,1setOf (type2 keyword | name(MAX)),[PWG5100.11]
Printer Description,job-password-length-supported,,,rangeOfInteger(0:255),[IPPWG20160229-1]
Printer Description,job-password-repertoire-configured,,,type2 keyword | name(MAX),[IPPWG20160229-1]
Printer Description,job-password-repertoire-supported,,,1setOf (type2 keyword | name(MAX)),[IPPWG20160229-1]
Printer Description,job-password-supported,,,integer(0:255),[PWG5100.11]
Printer Description,job-phone-number-default,,,uri | no-value,[PWG5100.11]
Printer Description,job-phone-number-supported,,,boolean,[PWG5100.11]
Printer Description,job-presets-supported,,,1setOf collection,[IPPPRESET]
Printer Description,job-presets-supported,preset-name,,keyword | name(MAX),[IPPPRESET]
Printer Description,job-priority-default,,,integer(1:100),[RFC8011]
Printer Description,job-priority-supported,,,integer(1:100),[RFC8011]
Printer Description,job-privacy-attributes,,,1setOf type2 keyword,[IPPPRIVACY10]
Printer Description,job-privacy-scope,,,type2 keyword,[IPPPRIVACY10]
Printer Description,job-recipient-name-default,,,name(MAX) | no-value,[PWG5100.11]
Printer Description,job-recipient-name-supported,,,boolean,[PWG5100.11]
Printer Description,job-resolvers-supported,,,1setOf collection,[PWG5100.13]
Printer Description,job-resolvers-supported,resolver-name,,name(MAX),[PWG5100.13]
Printer Description,job-sheet-message-default,,,text(MAX),[PWG5100.3]
Printer Description,job-sheet-message-supported,,,boolean,[PWG5100.3]
Printer Description,job-sheets-col-default,,,collection,[PWG5100.3]
Printer Description,job-sheets-col-default,"<Member attributes are the same as the ""job-sheets-col"" Job Template attribute>",,,[PWG5100.3]
Printer Description,job-sheets-col-supported,,,1setOf keyword,[PWG5100.3]
Printer Description,job-sheets-default,,,type2 keyword | name(MAX),[RFC8011]
Printer Description,job-sheets-supported,,,1setOf (type2 keyword | name(MAX)),[RFC8011]
Printer Description,job-spooling-supported,,,type2 keyword,[PWG5100.11]
Printer Description,job-triggers-supported,,,1setOf collection,[IPPPRESET]
Printer Description,job-triggers-supported,preset-name,,keyword | name(MAX),[IPPPRESET]
Printer Description,jpeg-features-supported,,,1setOf type2 keyword,[APPLE20151021]
Printer Description,jpeg-k-octets-supported,,,rangeOfInteger(0:MAX),[PWG5100.16]
Printer Description,jpeg-x-dimension-supported,,,rangeOfInteger(0:65535),[PWG5100.16]
Printer Description,jpeg-y-dimension-supported,,,rangeOfInteger(1:65535),[PWG5100.16]
Printer Description,laminating-sides-supported,,,1setOf type1 keyword,[PWG5100.1]
Printer Description,laminating-type-supported,,,1setOf (type2 keyword | name(MAX)),[PWG5100.1]
Printer Description,logo-uri-formats-supported,,,1setOf mimeMediaType,[PWG5100.15]
Printer Description,logo-uri-schemes-supported,,,1setOf uriScheme,[PWG5100.15]
Printer Description,material-amount-units-supported,,,1setOf type2 keyword,[PWG5100.21]
Printer Description,material-diameter-supported,,,1setOf (integer(0:MAX) | rangeOfInteger(0:MAX)),[PWG5100.21]
Printer Description,material-nozzle-diameter-supported,,,1setOf (integer(0:MAX) | rangeOfInteger(0:MAX)),[PWG5100.21]
Printer Description,material-purpose-supported,,,1setOf type2 keyword,[PWG5100.21]
Printer Description,material-rate-supported,,,1setOf (integer(1:MAX) | rangeOfInteger(1:MAX)),[PWG5100.21]
Printer Description,material-rate-units-supported,,,1setOf type2 keyword,[PWG5100.21]
Printer Description,material-shell-thickness-supported,,,1setOf (integer(0:MAX) | rangeOfInteger(0:MAX)),[PWG5100.21]
Printer Description,material-temperature-supported,,,1setOf (integer(-273:MAX) | rangeOfInteger(-273:MAX)),[PWG5100.21]
Printer Description,material-type-supported,,,1setOf type2 keyword,[PWG5100.21]
Printer Description,materials-col-database,,,1setOf collection,[PWG5100.21]
Printer Description,materials-col-default,,,1setOf collection,[PWG5100.21]
Printer Description,materials-col-ready,,,1setOf collection,[PWG5100.21]
Printer Description,materials-col-supported,,,1setOf keyword,[PWG5100.21]
Printer Description,max-materials-col-supported,,,integer(1:MAX),[PWG5100.21]
Printer Description,max-save-info-supported,,,integer(1:MAX),[PWG5100.11]
Printer Description,max-stitching-locations-supported,,,integer(1:MAX),[PWG5100.1]
Printer Description,media-back-coating-supported,,,1setOf (type2 keyword | name(MAX)),[PWG5100.3]
Printer Description,media-bottom-margin-supported,,,1setOf integer(0:MAX),[PWG5100.13]
Printer Description,media-col-database,,,1setOf collection,[PWG5100.11]
Printer Description,media-col-database,"<Member attributes are the same as the ""media-col"" Job Template attribute>",,,[PWG5100.11]
Printer Description,media-col-database,media-source-properties,,collection,[PWG5100.13]
Printer Description,media-col-database,media-source-properties,media-source-feed-direction,type2 keyword,[PWG5100.13]
Printer Description,media-col-database,media-source-properties,media-source-feed-orientation,type2 enum,[PWG5100.13]
Printer Description,media-col-default,,,collection,[PWG5100.3]
Printer Description,media-col-default,"<Member attributes are the same as the ""media-col"" Job Template attribute>",,,[PWG5100.3]
Printer Description,media-col-ready,,,1setOf collection,[PWG5100.3]
Printer Description,media-col-ready,"<Member attributes are the same as the ""media-col"" Job Template attribute>",,,[PWG5100.3]
Printer Description,media-col-ready,media-source-properties,,collection,[PWG5100.13]
Printer Description,media-col-ready,media-source-properties,media-source-feed-direction,type2 keyword,[PWG5100.13]
Printer Description,media-col-ready,media-source-properties,media-source-feed-orientation,type2 enum,[PWG5100.13]
Printer Description,media-col-supported,,,1setOf keyword,[PWG5100.3]
Printer Description,media-color-supported,,,1setOf (type2 keyword | name(MAX)),[PWG5100.3]
Printer Description,media-default,,,no-value | type2 keyword | name(MAX),[RFC8011]
Printer Description,media-front-coating-supported,,,1setOf (type2 keyword | name(MAX)),[PWG5100.3]
Printer Description,media-grain-supported,,,1setOf type2 keyword | name(MAX),[PWG5100.11]
Printer Description,media-hole-count-supported,,,1setOf rangeOfInteger(0:MAX),[PWG5100.3]
Printer Description,media-info-supported,,,boolean,[PWG5100.3]
Printer Description,media-key-supported,,,1setOf (keyword | name(MAX)),[PWG5100.3]
Printer Description,media-left-margin-supported,,,1setOf integer(0:MAX),[PWG5100.13]
Printer Description,media-order-count-supported,,,1setOf rangeOfInteger(1:MAX),[PWG5100.3]
Printer Description,media-pre-printed-supported,,,1setOf (type2 keyword | name(MAX)),[PWG5100.3]
Printer Description,media-ready,,,1setOf (type2 keyword | name(MAX)),[RFC8011]
Printer Description,media-recycled-supported,,,1setOf (type2 keyword | name(MAX)),[PWG5100.3]
Printer Description,media-right-margin-supported,,,1setOf integer(0:MAX),[PWG5100.13]
Printer Description,media-size-supported,,,1setOf collection,[PWG5100.3]
Printer Description,media-size-supported,x-dimension,,integer(1:MAX) | rangeOfInteger(1:MAX),[PWG5100.3]
Printer Description,media-size-supported,y-dimension,,integer(1:MAX) | rangeOfInteger(1:MAX),[PWG5100.3]
Printer Description,media-source-supported,,,1setOf (type2 keyword | name(MAX)),[PWG5100.13]
Printer Description,media-supported,,,1setOf (type2 keyword | name(MAX)),[RFC8011]
Printer Description,media-thickness-supported,,,rangeOfInteger(1:MAX),[PWG5100.11]
Printer Description,media-tooth-supported,,,1setOf type2 keyword | name(MAX),[PWG5100.11]
Printer Description,media-top-margin-supported,,,1setOf integer(0:MAX),[PWG5100.13]
Printer Description,media-type-supported,,,1setOf (type2 keyword | name(MAX)),[PWG5100.3]
Printer Description,media-weight-metric-supported,,,1setOf rangeOfInteger(0:MAX),[PWG5100.3]
Printer Description,message-supported,,,integer(0:1023),[PWG5100.15]
Printer Description,multiple-destination-uris-supported,,,boolean,[PWG5100.15]
Printer Description,multiple-document-handling-default,,,type2 keyword,[RFC8011]
Printer Description,multiple-document-handling-supported,,,1setOf (type2 keyword),[RFC8011]
Printer Description,multiple-document-jobs-supported,,,boolean,[RFC8011]
Printer Description,multiple-object-handling-default,,,type2 keyword,[PWG5100.21]
Printer Description,multiple-object-handling-supported,,,1setOf type2 keyword,[PWG5100.21]
Printer Description,multiple-operation-time-out,,,integer(1:MAX),[RFC8011]
Printer Description,multiple-operation-time-out-action,,,type2 keyword,[PWG5100.13]
Printer Description,natural-language-configured,,,naturalLanguage,[RFC8011]
Printer Description,notify-attributes-supported,,,1setOf keyword,[RFC3995]
Printer Description,notify-events-default,,,1setOf type2 keyword,[RFC3995]
Printer Description,notify-events-supported,,,1setOf type2 keyword,[RFC3995]
Printer Description,notify-lease-duration-default,,,integer(0:67108863),[RFC3995]
Printer Description,notify-lease-duration-supported,,,1setOf (integer(0: 67108863) | rangeOfInteger(0:67108863)),[RFC3995]
Printer Description,notify-pull-method-supported,,,1setOf type2 keyword,[RFC3995]
Printer Description,notify-schemes-supported,,,1setOf uriScheme,[RFC3995]
Printer Description,number-of-retries-default,,,integer(0:MAX),[PWG5100.15]
Printer Description,number-of-retries-supported,,,rangeOfInteger(0:MAX),[PWG5100.15]
Printer Description,number-up-default,,,integer(1:MAX),[RFC8011]
Printer Description,number-up-supported,,,integer(1:MAX) | rangeOfInteger(1:MAX),[RFC8011]
Printer Description,oauth-authorization-scope,,,1setOf name(MAX),[IPP20190521]
Printer Description,oauth-authorization-server-uri,,,uri | no-value,[PWG5100.18]
Printer Description,operations-supported,,,1setOf type2 enum,[RFC8011]
Printer Description,organization-name-supported,,,integer(0:1023),[PWG5100.15]
Printer Description,orientation-requested-default,,,no-value | type2 enum,[RFC8011]
Printer Description,orientation-requested-supported,,,1setOf type2 enum,[RFC8011]
Printer Description,output-attributes-default,,,collection | no-value,[PWG5100.17]
Printer Description,output-attributes-supported,,,1setOf keyword,[PWG5100.17]
Printer Description,output-bin-default,,,type2 keyword | name(MAX),[PWG5100.2]
Printer Description,output-bin-supported,,,1setOf (keyword | name(MAX)),[PWG5100.2]
Printer Description,output-device-supported,,,1setOf name(127),[PWG5100.7]
Printer Description,output-device-uuid-supported,,,1setOf uri,[PWG5100.18]
Printer Description,overrides-supported,,,1setOf keyword,[PWG5100.6]
Printer Description,page-delivery-default,,,type2 keyword,[PWG5100.3]
Printer Description,page-delivery-supported,,,1setOf type2 keyword,[PWG5100.3]
Printer Description,page-order-received-default,,,type2 keyword,[PWG5100.3]
Printer Description,page-order-received-default(obsolete),,,type2 keyword,[IPP20190509B]
Printer Description,page-order-received-supported,,,1setOf type2 keyword,[PWG5100.3]
Printer Description,page-order-received-supported(obsolete),,,1setOf type2 keyword,[IPP20190509B]
Printer Description,page-ranges-supported,,,boolean,[RFC8011]
Printer Description,pages-per-subset-supported,,,boolean,[PWG5100.13]
Printer Description,pages-per-subset-supported(deprecated),,,boolean,[IPP20190509A]
Printer Description,parent-printers-supported,,,1setOf uri,[RFC3998]
Printer Description,pclm-raster-back-side,,,keyword,[HP20180907]
Printer Description,pclm-source-resolution-supported,,,1setOf resolution,[HP20180907]
Printer Description,pclm-strip-height-preferred,,,1setOf integer,[HP20180907]
Printer Description,pclm-strip-height-supported,,,integer,[HP20180907]
Printer Description,pdf-features-supported,,,1setOf type2 keyword,[PWG5100.21]
Printer Description,pdf-k-octets-supported,,,rangeOfInteger(0:MAX),[PWG5100.16]
Printer Description,pdf-versions-supported,,,1setOf type2 keyword,[PWG5100.16]
Printer Description,pdl-init-file-default,,,collection | no-value,[PWG5100.11]
Printer Description,pdl-init-file-default,"<Member attributes are the same as the ""pdl-init-file"" Job Template attribute>",,,[PWG5100.11]
Printer Description,pdl-init-file-entry-supported,,,1setOf name(MAX),[PWG5100.11]
Printer Description,pdl-init-file-location-supported,,,1setOf uri,[PWG5100.11]
Printer Description,pdl-init-file-name-subdirectory-supported,,,boolean,[PWG5100.11]
Printer Description,pdl-init-file-name-supported,,,1setOf name(MAX),[PWG5100.11]
Printer Description,pdl-init-file-supported,,,1setOf keyword,[PWG5100.11]
Printer Description,pdl-override-guaranteed-supported,,,1setOf keyword,[IPPWG20151019]
Printer Description,pdl-override-supported,,,type2 keyword,[RFC8011]
Printer Description,platform-shape,,,type2 keyword,[APPLE20170629]
Printer Description,platform-temperature-default,,,integer(-273:MAX),[PWG5100.21]
Printer Description,platform-temperature-supported,,,1setOf (integer(-273:MAX) | rangeOfInteger(-273:MAX)),[PWG5100.21]
Printer Description,preferred-attributes-supported,,,boolean,[PWG5100.13]
Printer Description,presentation-direction-number-up-default,,,type2 keyword,[PWG5100.3]
Printer Description,presentation-direction-number-up-supported,,,1setOf type2 keyword,[PWG5100.3]
Printer Description,print-accuracy-supported,,,collection,[PWG5100.21]
Printer Description,print-accuracy-supported,accuracy-units,,type2 keyword,[PWG5100.21]
Printer Description,print-accuracy-supported,x-accuracy,,integer(0:MAX),[PWG5100.21]
Printer Description,print-accuracy-supported,y-accuracy,,integer(0:MAX),[PWG5100.21]
Printer Description,print-accuracy-supported,z-accuracy,,integer(0:MAX),[PWG5100.21]
Printer Description,print-base-default,,,type2 keyword,[PWG5100.21]
Printer Description,print-base-supported,,,1setOf type2 keyword,[PWG5100.21]
Printer Description,print-color-mode-default,,,type2 keyword,[PWG5100.13]
Printer Description,print-color-mode-supported,,,1setOf type2 keyword,[PWG5100.13]
Printer Description,print-content-optimize-default,,,type2 keyword,[PWG5100.7]
Printer Description,print-content-optimize-supported,,,1setOf type2 keyword,[PWG5100.7]
Printer Description,print-objects-supported,,,1setOf keyword,[PWG5100.21]
Printer Description,print-quality-default,,,type2 enum,[RFC8011]
Printer Description,print-quality-supported,,,1setOf type2 enum,[RFC8011]
Printer Description,print-rendering-intent-default,,,type2 keyword,[PWG5100.13]
Printer Description,print-rendering-intent-supported,,,1setOf type2 keyword,[PWG5100.13]
Printer Description,print-scaling-default,,,type2 keyword,[PWG5100.16]
Printer Description,print-scaling-supported,,,1setOf type2 keyword,[PWG5100.16]
Printer Description,print-supports-default,,,type2 keyword,[PWG5100.21]
Printer Description,print-supports-supported,,,1setOf type2 keyword,[PWG5100.21]
Printer Description,printer-camera-image-uri,,,1setOf uri,[PWG5100.21]
Printer Description,printer-charge-info,,,text(MAX),[PWG5100.13]
Printer Description,printer-charge-info-uri,,,uri,[PWG5100.13]
Printer Description,printer-current-time,,,dateTime,[RFC8011]
Printer Description,printer-device-id,,,text(1023),[PWG5107.2]
Printer Description,printer-dns-sd-name,,,name(63),[PWG5100.16]
Printer Description,printer-driver-installer,,,uri,[RFC8011]
Printer Description,printer-fax-log-uri,,,uri,[PWG5100.15]
Printer Description,printer-fax-modem-info,,,1setOf text(MAX),[PWG5100.15]
Printer Description,printer-fax-modem-name,,,1setOf name(MAX),[PWG5100.15]
Printer Description,printer-fax-modem-number,,,1setOf uri,[PWG5100.15]
Printer Description,printer-geo-location,,,uri,[PWG5100.13]
Printer Description,printer-get-attributes-supported,,,1setOf keyword,[PWG5100.13]
Printer Description,printer-icc-profiles,,,1setOf collection,[PWG5100.13]
Printer Description,printer-icc-profiles,profile-name,,name(MAX),[PWG5100.13]
Printer Description,printer-icc-profiles,profile-url,,uri,[PWG5100.13]
Printer Description,printer-icons,,,1setOf uri,[PWG5100.13]
Printer Description,printer-info,,,text(127),[RFC8011]
Printer Description,printer-kind,,,1setOf type2 keyword,[PWG5100.16]
Printer Description,printer-location,,,text(127),[RFC8011]
Printer Description,printer-make-and-model,,,text(127),[RFC8011]
Printer Description,printer-mandatory-job-attributes,,,1setOf keyword,[PWG5100.13]
Printer Description,printer-more-info-manufacturer,,,uri,[RFC8011]
Printer Description,printer-name,,,name(127),[RFC8011]
Printer Description,printer-organization,,,1setOf text(MAX),[PWG5100.13]
Printer Description,printer-organizational-unit,,,1setOf text(MAX),[PWG5100.13]
Printer Description,printer-privacy-policy-uri,,,uri,[IPPPRIVACY10]
Printer Description,printer-resolution-default,,,resolution,[RFC8011]
Printer Description,printer-resolution-supported,,,resolution,[RFC8011]
Printer Description,printer-static-resource-directory-uri,,,uri,[PWG5100.18]
Printer Description,printer-static-resource-k-octets-supported,,,integer(0:MAX),[PWG5100.18]
Printer Description,printer-strings-languages-supported,,,1setOf naturalLanguage,[PWG5100.13]
Printer Description,printer-strings-uri,,,uri | no-value,[PWG5100.13]
Printer Description,printer-volume-supported,,,collection,[PWG5100.21]
Printer Description,printer-volume-supported,x-dimension,,integer(1:MAX),[PWG5100.21]
Printer Description,printer-volume-supported,y-dimension,,integer(1:MAX),[PWG5100.21]
Printer Description,printer-volume-supported,z-dimension,,integer(1:MAX),[PWG5100.21]
Printer Description,printer-xri-supported,,,1setOf collection,[RFC3380]
Printer Description,printer-xri-supported,xri-authentication,,type2 keyword,[RFC3380]
Printer Description,printer-xri-supported,xri-security,,type2 keyword,[RFC3380]
Printer Description,printer-xri-supported,xri-uri,,uri,[RFC3380]
Printer Description,proof-print-default,,,collection | no-value,[PWG5100.11]
Printer Description,proof-print-default,"<Member attributes are the same as the ""proof-print"" Job Template attribute>",,,[PWG5100.11]
Printer Description,proof-print-supported,,,1setOf keyword,[PWG5100.11]
Printer Description,punching-hole-diameter-configured,,,integer(0:MAX),[PWG5100.1]
Printer Description,punching-locations-supported,,,1setOf (integer(0:MAX) | rangeOfInteger(0:MAX)),[PWG5100.1]
Printer Description,punching-offset-supported,,,1setOf (integer(0:MAX) | rangeOfInteger(0:MAX)),[PWG5100.1]
Printer Description,punching-reference-edge-supported,,,1setOf type1 keyword,[PWG5100.1]
Printer Description,pwg-raster-document-resolution-supported,,,1setOf resolution,[PWG5102.4]
Printer Description,pwg-raster-document-sheet-back,,,type2 keyword,[PWG5102.4]
Printer Description,pwg-raster-document-type-supported,,,1setOf type2 keyword,[PWG5102.4]
Printer Description,reference-uri-schemes-supported,,,1setOf uriScheme,[RFC8011]
Printer Description,repertoire-supported,,,1setOf (keyword | name),[PWG5101.2]
Printer Description,requesting-user-uri-supported,,,boolean,[PWG5100.13]
Printer Description,retry-interval-default,,,integer(1:MAX),[PWG5100.15]
Printer Description,retry-interval-supported,,,rangeOfInteger(1:MAX),[PWG5100.15]
Printer Description,retry-time-out-default,,,integer(1:MAX),[PWG5100.15]
Printer Description,retry-time-out-supported,,,rangeOfInteger(1:MAX),[PWG5100.15]
Printer Description,save-disposition-supported,,,1setOf keyword,[PWG5100.11]
Printer Description,save-document-format-default,,,mimeMediaType,[PWG5100.11]
Printer Description,save-document-format-supported,,,1setOf mimeMediaType,[PWG5100.11]
Printer Description,save-location-default,,,uri,[PWG5100.11]
Printer Description,save-location-supported,,,1setOf uri,[PWG5100.11]
Printer Description,save-name-subdirectory-supported,,,boolean,[PWG5100.11]
Printer Description,save-name-supported,,,boolean,[PWG5100.11]
Printer Description,separator-sheets-default,,,collection,[PWG5100.3]
Printer Description,separator-sheets-default,"<Member attributes are the same as the ""separator-sheets"" Job Template attribute>",,,[PWG5100.3]
Printer Description,separator-sheets-supported,,,1setOf keyword,[PWG5100.3]
Printer Description,sheet-collate-default(obsolete),,,type2 keyword,[RFC3381]
Printer Description,sheet-collate-supported(obsolete),,,1setOf type2 keyword,[RFC3381]
Printer Description,sides-default,,,type2 keyword,[RFC8011]
Printer Description,sides-supported,,,1setOf type2 keyword,[RFC8011]
Printer Description,smi2699-auth-print-group,,,name(MAX),[IPPSERVER]
Printer Description,smi2699-auth-proxy-group,,,name(MAX),[IPPSERVER]
Printer Description,smi2699-device-command,,,name(MAX),[IPPSERVER]
Printer Description,smi2699-device-format,,,mimeMediaType,[IPPSERVER]
Printer Description,smi2699-device-name,,,name(MAX),[IPPSERVER]
Printer Description,smi2699-device-uri,,,uri,[IPPSERVER]
Printer Description,stitching-angle-supported,,,1setOf (integer(0:359) | rangeOfInteger(0:359)),[PWG5100.1]
Printer Description,stitching-locations-supported,,,1setOf (integer(0:MAX) | rangeOfInteger(0:MAX)),[PWG5100.1]
Printer Description,stitching-method-supported,,,1setOf type2 keyword,[PWG5100.1]
Printer Description,stitching-offset-supported,,,1setOf (integer(0:MAX) | rangeOfInteger(0:MAX)),[PWG5100.1]
Printer Description,stitching-reference-edge-supported,,,1setOf type2 keyword,[PWG5100.1]
Printer Description,subject-supported,,,integer(0:1023),[PWG5100.15]
Printer Description,subordinate-printers-supported,,,1setOf uri,[RFC3998]
Printer Description,subscription-privacy-attributes,,,1setOf type2 keyword,[IPPPRIVACY10]
Printer Description,subscription-privacy-scope,,,type2 keyword,[IPPPRIVACY10]
Printer Description,to-name-supported,,,integer(0:1023),[PWG5100.15]
Printer Description,trimming-offset-supported,,,1setOf (integer(0:MAX) | rangeOfInteger(0:MAX)),[PWG5100.1]
Printer Description,trimming-reference-edge-supported,,,1setOf type1 keyword,[PWG5100.1]
Printer Description,trimming-type-supported,,,1setOf type2 keyword,[PWG5100.1]
Printer Description,trimming-when-supported,,,1setOf type2 keyword,[PWG5100.1]
Printer Description,uri-authentication-supported,,,1setOf type2 keyword,[RFC8011]
Printer Description,uri-security-supported,,,1setOf type2 keyword,[RFC8011]
Printer Description,user-defined-values-supported,,,1setOf type2 keyword,[PWG5100.3]
Printer Description,which-jobs-supported,,,1setOf type2 keyword,[PWG5100.11]
Printer Description,x-image-position-default,,,type2 keyword,[PWG5100.3]
Printer Description,x-image-position-supported,,,1setOf type2 keyword,[PWG5100.3]
Printer Description,x-image-shift-default,,,integer(MIN:MAX),[PWG5100.3]
Printer Description,x-image-shift-supported,,,rangeOfInteger(MIN:MAX),[PWG5100.3]
Printer Description,x-side1-image-shift-default,,,integer(MIN:MAX),[PWG5100.3]
Printer Description,x-side1-image-shift-supported,,,rangeOfInteger(MIN:MAX),[PWG5100.3]
Printer Description,x-side2-image-shift-default,,,integer(MIN:MAX),[PWG5100.3]
Printer Description,x-side2-image-shift-supported,,,rangeOfInteger(MIN:MAX),[PWG5100.3]
Printer Description,y-image-position-default,,,type2 keyword,[PWG5100.3]
Printer Description,y-image-position-supported,,,1setOf type2 keyword,[PWG5100.3]
Printer Description,y-image-shift-default,,,integer(MIN:MAX),[PWG5100.3]
Printer Description,y-image-shift-supported,,,rangeOfInteger(MIN:MAX),[PWG5100.3]
Printer Description,y-side1-image-shift-default,,,integer(MIN:MAX),[PWG5100.3]
Printer Description,y-side1-image-shift-supported,,,rangeOfInteger(MIN:MAX),[PWG5100.3]
Printer Description,y-side2-image-shift-default,,,integer(MIN:MAX),[PWG5100.3]
Printer Description,y-side2-image-shift-supported,,,rangeOfInteger(MIN:MAX),[PWG5100.3]
Printer Status,chamber-humidity-current,,,integer(0:100) | unknown,[PWG5100.21]
Printer Status,chamber-temperature-current,,,integer(-273:MAX) | unknown,[PWG5100.21]
Printer Status,device-service-count,,,integer(1:MAX),[PWG5100.13]
Printer Status,device-uuid,,,uri(45),[PWG5100.13]
Printer Status,document-format-varying-attributes,,,1setOf keyword,[RFC3380]
Printer Status,job-settable-attributes-supported,,,1setOf keyword,[RFC3380]
Printer Status,pages-per-minute,,,integer(0:MAX),[RFC8011]
Printer Status,pages-per-minute-color,,,integer(0:MAX),[RFC8011]
Printer Status,printer-alert,,,1setOf octetString(MAX),[PWG5100.9]
Printer Status,printer-alert-description,,,1setOf text(MAX),[PWG5100.9]
Printer Status,printer-camera-image-uri,,,1setOf uri,[PWG5100.21]
Printer Status,printer-config-change-date-time,,,dateTime,[PWG5100.13]
Printer Status,printer-config-change-time,,,integer(1:MAX),[PWG5100.13]
Printer Status,printer-detailed-status-messages,,,1setOf text(MAX),[PWG5100.11]
Printer Status,printer-finisher,,,1setOf octetString(MAX),[PWG5100.1]
Printer Status,printer-finisher-description,,,1setOf text(MAX),[PWG5100.1]
Printer Status,printer-finisher-supplies,,,1setOf octetString,[PWG5100.1]
Printer Status,printer-finisher-supplies-description,,,1setOf text(MAX),[PWG5100.1]
Printer Status,printer-input-tray,,,1setOf octetString(MAX),[PWG5100.13]
Printer Status,printer-is-accepting-jobs,,,boolean,[RFC8011]
Printer Status,printer-message-date-time,,,dateTime,[RFC3380]
Printer Status,printer-message-from-operator,,,text(127),[RFC8011]
Printer Status,printer-message-time,,,integer(MIN:MAX),[RFC3380]
Printer Status,printer-more-info,,,uri,[RFC8011]
Printer Status,printer-output-tray,,,1setOf octetString(MAX),[PWG5100.13]
Printer Status,printer-settable-attributes-supported,,,1setOf keyword,[RFC3380]
Printer Status,printer-state,,,type1 enum,[RFC8011]
Printer Status,printer-state-change-date-time,,,dateTime,[RFC3995]
Printer Status,printer-state-change-time,,,integer(1:MAX),[RFC3995]
Printer Status,printer-state-message,,,text(MAX),[RFC8011]
Printer Status,printer-state-reasons,,,1setOf type2 keyword,[RFC8011]
Printer Status,printer-static-resource-k-octets-free,,,integer(0:MAX),[PWG5100.18]
Printer Status,printer-supply,,,1setOf octetString(MAX),[PWG5100.13]
Printer Status,printer-supply-description,,,1setOf text(MAX),[PWG5100.13]
Printer Status,printer-supply-info-uri,,,uri,[PWG5100.13]
Printer Status,printer-up-time,,,integer(1:MAX),[RFC8011]
Printer Status,printer-uri-supported,,,1setOf uri,[RFC8011]
Printer Status,printer-uuid,,,uri(45),[PWG5100.13]
Printer Status,queued-job-count,,,integer(0:MAX),[RFC8011]
Printer Status,xri-authentication-supported,,,1setOf type2 keyword,[RFC3380]
Printer Status,xri-security-supported,,,1setOf type2 keyword,[RFC3380]
Printer Status,xri-uri-scheme-supported,,,1setOf uriScheme,[RFC3380]
Subscription Status,notify-job-id,,,integer(1:MAX),[RFC3995]
Subscription Status,notify-lease-expiration-time,,,integer(0:MAX),[RFC3995]
Subscription Status,notify-printer-up-time,,,integer(1:MAX),[RFC3995]
Subscription Status,notify-printer-uri,,,uri,[RFC3995]
Subscription Status,notify-sequence-number,,,integer(0:MAX),[RFC3995]
Subscription Status,notify-status-code,,,type2 enum,[RFC3995]
Subscription Status,notify-subscriber-user-name,,,name(MAX),[RFC3995]
Subscription Status,notify-subscriber-user-uri,,,uri,[PWG5100.13]
Subscription Status,notify-subscription-id,,,integer(1:MAX),[RFC3995]
Subscription Status,notify-subscription-uuid,,,uri,[PWG5100.13]
Subscription Template,notify-attributes,,,1setOf keyword,[RFC3995]
Subscription Template,notify-charset,,,charset,[RFC3995]
Subscription Template,notify-events,,,1setOf type2 keyword,[RFC3995]
Subscription Template,notify-lease-duration,,,integer(0:67108863),[RFC3995]
Subscription Template,notify-max-events-supported,,,integer(2:MAX),[RFC3995]
Subscription Template,notify-natural-language,,,naturalLanguage,[RFC3995]
Subscription Template,notify-pull-method,,,type2 keyword,[RFC3995]
Subscription Template,notify-recipient-uri,,,uri,[RFC3995]
Subscription Template,notify-time-interval,,,integer(0:MAX),[RFC3995]
Subscription Template,notify-user-data,,,octetString(63),[RFC3995]
System Description,smi2699-auth-group-supported,,,1setOf name(MAX),[IPPSERVER]
System Description,smi2699-device-command-supported,,,1setOf name(MAX),[IPPSERVER]
System Description,smi2699-device-format-supported,,,1setOf mimeMediaType,[IPPSERVER]
System Description,smi2699-device-uri-schemes-supported,,,1setOf uriScheme,[IPPSERVER]
